7.559999999999998863e+02,1.073385848999023438e+02,5.886988525390625000e+02,6.503549804687500000e+02,6.588245239257812500e+02,6.465364990234375000e+02,6.676571655273437500e+02
8.220000000000000000e+02,-6.705090999603271484e+00,5.928472900390625000e+02,6.088188476562500000e+02,6.473548583984375000e+02,6.170817871093750000e+02,6.390242919921875000e+02
5.500000000000000000e+02,-1.806413421630859375e+02,3.393887023925781250e+02,3.334221496582031250e+02,3.801577758789062500e+02,3.252946777343750000e+02,3.608807373046875000e+02
-8.609999999999999432e+01,-3.160108032226562500e+02,-1.868293609619140625e+02,-2.023474578857421875e+02,-1.713757934570312500e+02,-2.399595336914062500e+02,-1.945182342529296875e+02
-7.959999999999998863e+02,-3.416889953613281250e+02,-6.715531005859375000e+02,-7.134718627929687500e+02,-7.049996337890625000e+02,-7.435451660156250000e+02,-7.250301513671875000e+02
-1.150000000000000000e+03,-2.396650238037109375e+02,-8.838377685546875000e+02,-9.302009887695312500e+02,-9.454208984375000000e+02,-9.469579467773437500e+02,-9.480107421875000000e+02
-9.730000000000000000e+02,-6.563920974731445312e-01,-8.251794433593750000e+02,-8.867973632812500000e+02,-9.101244506835937500e+02,-8.782743530273437500e+02,-9.033098144531250000e+02
-4.379999999999999432e+02,2.545249023437500000e+02,-3.922124938964843750e+02,-4.445456542968750000e+02,-4.784926452636718750e+02,-4.124209289550781250e+02,-4.602285766601562500e+02
1.960000000000000000e+02,3.623112792968750000e+02,3.233066406250000000e+02,3.183374023437500000e+02,2.988228149414062500e+02,3.385752563476562500e+02,3.201042785644531250e+02
6.920000000000000000e+02,3.126539001464843750e+02,7.687580566406250000e+02,7.505812988281250000e+02,7.612985229492187500e+02,7.634788818359375000e+02,7.746443481445312500e+02
9.339999999999998863e+02,1.306846466064453125e+02,8.535248413085937500e+02,8.086477661132812500e+02,8.382312011718750000e+02,8.332725219726562500e+02,8.445629882812500000e+02
8.790000000000000000e+02,-1.089789810180664062e+02,7.054807128906250000e+02,6.937382202148437500e+02,7.204208984375000000e+02,7.082489624023437500e+02,7.246169433593750000e+02
5.990000000000000000e+02,-2.896905517578125000e+02,3.815018615722656250e+02,4.333204345703125000e+02,4.466140747070312500e+02,3.916779785156250000e+02,4.452937622070312500e+02
5.800000000000000711e+01,-3.813881835937500000e+02,-1.090252380371093750e+02,-1.426507263183593750e+02,-9.718502044677734375e+01,-2.052963562011718750e+02,-1.362501373291015625e+02
-5.650000000000000000e+02,-3.653697814941406250e+02,-5.883947753906250000e+02,-6.775225219726562500e+02,-6.356780395507812500e+02,-7.166055297851562500e+02,-6.836008911132812500e+02
-1.080000000000000000e+03,-2.548456268310546875e+02,-8.689538574218750000e+02,-9.119773559570312500e+02,-9.144855957031250000e+02,-9.433107910156250000e+02,-9.283799438476562500e+02
-1.270000000000000000e+03,-5.347723388671875000e+01,-9.308840942382812500e+02,-9.530348510742187500e+02,-9.771082763671875000e+02,-9.670382080078125000e+02,-9.713840942382812500e+02
-9.060000000000000000e+02,1.760386810302734375e+02,-7.289566040039062500e+02,-7.589160156250000000e+02,-7.978656005859375000e+02,-7.544740600585937500e+02,-7.788909301757812500e+02
-7.140000000000000568e+01,3.478501892089843750e+02,-1.218312377929687500e+02,-1.494263916015625000e+02,-1.927238159179687500e+02,-1.379197540283203125e+02,-1.610372772216796875e+02
7.520000000000000000e+02,4.015687866210937500e+02,6.070118408203125000e+02,6.183146362304687500e+02,5.985237426757812500e+02,6.189042968750000000e+02,6.331490478515625000e+02
1.210000000000000000e+03,2.893441467285156250e+02,9.261310424804687500e+02,9.378478393554687500e+02,9.338623657226562500e+02,9.386967773437500000e+02,9.625740966796875000e+02
1.080000000000000000e+03,-6.498908996582031250e+00,9.025487060546875000e+02,8.773181152343750000e+02,8.875634155273437500e+02,8.858847045898437500e+02,9.170684814453125000e+02
4.790000000000000000e+02,-3.231588134765625000e+02,5.310101318359375000e+02,4.216676330566406250e+02,4.641383361816406250e+02,4.195981140136718750e+02,4.785733642578125000e+02
-2.110000000000000000e+02,-4.760149536132812500e+02,-5.539274215698242188e+01,-1.922760620117187500e+02,-1.634972534179687500e+02,-2.702375488281250000e+02,-1.769578247070312500e+02
-6.770000000000000000e+02,-4.268474426269531250e+02,-5.269569702148437500e+02,-6.363283081054687500e+02,-6.312827758789062500e+02,-7.085394287109375000e+02,-6.489936523437500000e+02
-7.980000000000001137e+02,-2.125657348632812500e+02,-7.639476318359375000e+02,-8.031008300781250000e+02,-8.155611572265625000e+02,-8.401831665039062500e+02,-8.194870605468750000e+02
-6.120000000000000000e+02,4.682806777954101562e+01,-7.489092407226562500e+02,-7.028676757812500000e+02,-7.413947753906250000e+02,-7.274898681640625000e+02,-7.221701660156250000e+02
-3.380000000000000000e+02,2.131305084228515625e+02,-4.908098144531250000e+02,-4.001120605468750000e+02,-4.516639404296875000e+02,-4.202458801269531250e+02,-4.155701904296875000e+02
-4.589999999999999858e+01,2.563175354003906250e+02,-7.280392456054687500e+01,-4.568922805786132812e+01,-7.626088714599609375e+01,-5.600461959838867188e+01,-4.053165054321289062e+01
2.010000000000000000e+02,1.922910308837890625e+02,2.333707122802734375e+02,2.151759338378906250e+02,2.034349975585937500e+02,2.131106109619140625e+02,2.373321685791015625e+02
3.130000000000000000e+02,9.364658355712890625e+01,3.430146789550781250e+02,3.460255737304687500e+02,3.439346923828125000e+02,3.524850158691406250e+02,3.725893554687500000e+02
3.570000000000000000e+02,-1.586649131774902344e+01,3.659565429687500000e+02,3.869758300781250000e+02,3.875569458007812500e+02,3.884448852539062500e+02,4.090405273437500000e+02
3.460000000000000000e+02,-1.083830795288085938e+02,3.729011230468750000e+02,3.661602478027343750e+02,3.661629028320312500e+02,3.461535949707031250e+02,3.804247436523437500e+02
2.670000000000000000e+02,-1.537014465332031250e+02,3.378486022949218750e+02,2.300555877685546875e+02,2.562826232910156250e+02,2.101795654296875000e+02,2.512640838623046875e+02
7.670000000000001705e+01,-1.685116119384765625e+02,1.974129791259765625e+02,7.284676361083984375e+01,1.053895721435546875e+02,4.785443115234375000e+01,1.016228790283203125e+02
-1.680000000000000000e+02,-1.611020507812500000e+02,-7.907507324218750000e+01,-1.200995254516601562e+02,-9.589979553222656250e+01,-1.462596282958984375e+02,-7.861186218261718750e+01
-4.110000000000000000e+02,-1.353584136962890625e+02,-4.115997314453125000e+02,-4.139370117187500000e+02,-3.833384399414062500e+02,-4.122879028320312500e+02,-3.602110290527343750e+02
-4.869999999999999432e+02,-6.361972427368164062e+01,-5.758798217773437500e+02,-5.281322021484375000e+02,-5.268939819335937500e+02,-5.215691528320312500e+02,-4.880590820312500000e+02
-3.620000000000000000e+02,3.081230545043945312e+01,-5.180253295898437500e+02,-4.085292053222656250e+02,-4.590433349609375000e+02,-4.271761169433593750e+02,-3.947746276855468750e+02
-1.080000000000000000e+02,1.199360427856445312e+02,-2.783911132812500000e+02,-1.656242675781250000e+02,-2.302873687744140625e+02,-1.912904510498046875e+02,-1.596970825195312500e+02
1.399999999999999716e+02,1.478277130126953125e+02,2.454064750671386719e+01,7.800267791748046875e+01,4.129821777343750000e+01,6.634842681884765625e+01,9.629006195068359375e+01
2.160000000000000000e+02,1.024960403442382812e+02,2.499588317871093750e+02,2.313797454833984375e+02,2.251532287597656250e+02,2.319983978271484375e+02,2.583970947265625000e+02
1.970000000000000000e+02,8.310865402221679688e+00,3.418296508789062500e+02,2.865856933593750000e+02,2.866423339843750000e+02,2.790153503417968750e+02,3.063302917480468750e+02
9.560000000000002274e+01,-8.645910644531250000e+01,2.753839721679687500e+02,1.744920959472656250e+02,1.920995330810546875e+02,1.677164764404296875e+02,1.903714294433593750e+02
6.409999999999999432e+01,-1.188590545654296875e+02,1.551712951660156250e+02,2.851578140258789062e+01,7.264430236816406250e+01,3.843310165405273438e+01,4.637737655639648438e+01
1.230000000000000000e+02,-1.065432586669921875e+02,8.613755798339843750e+01,3.285195159912109375e+01,5.939076614379882812e+01,2.788501739501953125e+01,4.472833251953125000e+01
8.640000000000001990e+01,-6.755827331542968750e+01,2.550991249084472656e+01,2.232613372802734375e+01,4.478267669677734375e+01,1.912268257141113281e+01,4.168017196655273438e+01
-1.290000000000000000e+02,-5.771337509155273438e+01,-1.049414215087890625e+02,-1.035848464965820312e+02,-8.005296325683593750e+01,-9.898432159423828125e+01,-8.037639617919921875e+01
-3.489999999999999432e+02,-7.977404785156250000e+01,-2.766881103515625000e+02,-2.571309814453125000e+02,-2.668178100585937500e+02,-2.709270629882812500e+02,-2.559346466064453125e+02
-3.800000000000000568e+02,-6.594530487060546875e+01,-3.942739257812500000e+02,-3.593034362792968750e+02,-3.987546997070312500e+02,-3.845437622070312500e+02,-3.798744812011718750e+02
-1.530000000000000000e+02,1.546500205993652344e+01,-3.411163024902343750e+02,-2.883357849121093750e+02,-3.370773315429687500e+02,-3.076588439941406250e+02,-3.142007446289062500e+02
1.850000000000001066e+01,9.754402160644531250e+01,-1.098423461914062500e+02,-3.072458267211914062e+01,-7.993264007568359375e+01,-5.181872940063476562e+01,-5.383122253417968750e+01
6.979999999999999716e+01,1.084509429931640625e+02,1.528614044189453125e+02,2.173335418701171875e+02,1.855452728271484375e+02,1.913686828613281250e+02,2.051229858398437500e+02
3.539999999999999147e+01,2.482787704467773438e+01,2.348555603027343750e+02,1.988389434814453125e+02,2.114821014404296875e+02,1.861079559326171875e+02,2.051642456054687500e+02
9.959999999999999432e+01,-4.387901687622070312e+01,1.820236358642578125e+02,4.558353424072265625e+01,1.166525497436523438e+02,6.706143188476562500e+01,6.648483276367187500e+01
2.360000000000000000e+02,-5.984790802001953125e+01,1.757181243896484375e+02,9.029360198974609375e+01,1.608804626464843750e+02,1.003958511352539062e+02,1.064845809936523438e+02
3.190000000000000568e+02,-4.408882904052734375e+01,1.995464782714843750e+02,2.042786407470703125e+02,2.483649444580078125e+02,1.936217346191406250e+02,2.170537872314453125e+02
1.080000000000000000e+02,-7.044500732421875000e+01,8.653598785400390625e+01,8.444007873535156250e+01,1.178812942504882812e+02,7.609999847412109375e+01,1.023886871337890625e+02
-2.870000000000000000e+02,-1.263061981201171875e+02,-1.540634918212890625e+02,-2.064492797851562500e+02,-1.880035247802734375e+02,-2.096493377685546875e+02,-1.980768127441406250e+02
-5.440000000000000000e+02,-1.539294281005859375e+02,-3.733279113769531250e+02,-4.118949584960937500e+02,-4.403939514160156250e+02,-4.391314086914062500e+02,-4.295600891113281250e+02
-5.340000000000000000e+02,-7.307147979736328125e+01,-4.296698913574218750e+02,-4.344067993164062500e+02,-4.848712463378906250e+02,-4.670090942382812500e+02,-4.647642822265625000e+02
-2.670000000000000000e+02,7.468069458007812500e+01,-2.760559692382812500e+02,-2.486207275390625000e+02,-2.925153808593750000e+02,-2.691457214355468750e+02,-2.782355651855468750e+02
1.440000000000000000e+02,1.672852630615234375e+02,5.787773895263671875e+01,1.467797698974609375e+02,1.090965652465820312e+02,1.190517425537109375e+02,1.240841217041015625e+02
4.540000000000000000e+02,1.632218017578125000e+02,3.730887756347656250e+02,4.480633544921875000e+02,4.425153808593750000e+02,4.250878295898437500e+02,4.479090881347656250e+02
5.110000000000000000e+02,6.703503417968750000e+01,4.665838317871093750e+02,4.527865295410156250e+02,5.006374511718750000e+02,4.553281250000000000e+02,4.763992309570312500e+02
4.070000000000000000e+02,-8.868991088867187500e+01,3.322341613769531250e+02,2.799011535644531250e+02,3.503154296875000000e+02,2.811330871582031250e+02,3.029989624023437500e+02
6.950000000000000000e+01,-2.041656494140625000e+02,3.218263626098632812e+01,-1.242665576934814453e+01,5.507944107055664062e+01,-3.091560363769531250e+01,-4.660449028015136719e-01
-3.580000000000000000e+02,-2.277154846191406250e+02,-2.736817932128906250e+02,-3.355978698730468750e+02,-2.849503173828125000e+02,-3.512995910644531250e+02,-3.289442443847656250e+02
-5.940000000000000000e+02,-1.853871307373046875e+02,-4.591842956542968750e+02,-5.182567138671875000e+02,-5.185905151367187500e+02,-5.414700927734375000e+02,-5.223888549804687500e+02
-5.230000000000000000e+02,-5.968016052246093750e+01,-4.760577392578125000e+02,-5.535995483398437500e+02,-5.737288208007812500e+02,-5.625739135742187500e+02,-5.596986694335937500e+02
-1.900000000000000284e+02,1.010373382568359375e+02,-2.804593505859375000e+02,-3.291961975097656250e+02,-3.671548767089843750e+02,-3.313299865722656250e+02,-3.371750793457031250e+02
6.400000000000000000e+01,1.835765380859375000e+02,6.870581817626953125e+01,1.015031127929687500e+02,5.058213806152343750e+01,8.212376403808593750e+01,9.575670623779296875e+01
1.399999999999999716e+02,1.601786804199218750e+02,3.186319580078125000e+02,3.438067321777343750e+02,3.308209533691406250e+02,3.304257202148437500e+02,3.587715148925781250e+02
1.910000000000000000e+02,3.804259490966796875e+01,3.149032592773437500e+02,3.004968872070312500e+02,3.371261901855468750e+02,3.046593933105468750e+02,3.299245300292968750e+02
3.280000000000000568e+02,-5.961968612670898438e+01,2.025824584960937500e+02,2.052346038818359375e+02,2.755854797363281250e+02,2.111148223876953125e+02,2.272291870117187500e+02
3.560000000000000000e+02,-8.650508880615234375e+01,1.712441406250000000e+02,2.194788970947265625e+02,2.853869934082031250e+02,2.033438110351562500e+02,2.262143096923828125e+02
1.980000000000000000e+02,-1.025562515258789062e+02,1.571928100585937500e+02,2.135766296386718750e+02,2.460656433105468750e+02,1.718304901123046875e+02,2.135895843505859375e+02
-1.889999999999999716e+02,-1.578168334960937500e+02,-5.500356674194335938e+01,-1.033362808227539062e+02,-7.577708435058593750e+01,-1.340470428466796875e+02,-9.148721313476562500e+01
-4.300000000000000000e+02,-1.737241821289062500e+02,-3.373795166015625000e+02,-4.574454040527343750e+02,-4.418518676757812500e+02,-4.648645324707031250e+02,-4.474678955078125000e+02
-4.160000000000000000e+02,-1.074653625488281250e+02,-4.611849365234375000e+02,-5.212173461914062500e+02,-5.482429199218750000e+02,-5.398433227539062500e+02,-5.229852294921875000e+02
-3.850000000000000000e+02,3.861204147338867188e+01,-3.713892211914062500e+02,-3.716459045410156250e+02,-4.113840942382812500e+02,-3.852302246093750000e+02,-3.737567443847656250e+02
-2.460000000000000000e+02,1.265624694824218750e+02,-1.459780120849609375e+02,-1.023828659057617188e+02,-1.423639831542968750e+02,-1.197595214843750000e+02,-1.021096191406250000e+02
-7.770000000000000284e+01,1.219898605346679688e+02,5.804590225219726562e+01,8.444253540039062500e+01,6.628587341308593750e+01,7.079909515380859375e+01,9.337867736816406250e+01
1.270000000000000142e+02,1.109098281860351562e+02,2.374264526367187500e+02,2.012702941894531250e+02,2.213722076416015625e+02,2.156519775390625000e+02,2.210095672607421875e+02
4.090000000000000568e+02,5.970152282714843750e+01,4.120323486328125000e+02,4.166172790527343750e+02,4.216754150390625000e+02,4.100420837402343750e+02,4.251436157226562500e+02
5.599999999999998863e+02,-2.388285160064697266e+00,4.820043640136718750e+02,5.144236450195312500e+02,5.204895019531250000e+02,4.951380310058593750e+02,5.217774658203125000e+02
4.400000000000000000e+02,-8.463764953613281250e+01,3.601893310546875000e+02,3.463289489746093750e+02,3.964743347167968750e+02,3.454931030273437500e+02,3.663556518554687500e+02
1.170000000000000142e+02,-1.890332946777343750e+02,9.301712799072265625e+01,8.437747192382812500e+01,1.259999618530273438e+02,5.697240829467773438e+01,8.928101348876953125e+01
-2.950000000000000000e+02,-2.411029968261718750e+02,-2.496601715087890625e+02,-2.611437683105468750e+02,-2.473544616699218750e+02,-3.101878967285156250e+02,-2.697944641113281250e+02
-6.760000000000000000e+02,-2.021805877685546875e+02,-5.417434692382812500e+02,-6.019344482421875000e+02,-5.909292602539062500e+02,-6.191352539062500000e+02,-6.067057495117187500e+02
-7.530000000000000000e+02,-7.847838592529296875e+01,-6.306492919921875000e+02,-6.712492065429687500e+02,-6.839295654296875000e+02,-6.726043701171875000e+02,-6.762463989257812500e+02
-4.360000000000000000e+02,7.762630462646484375e+01,-4.676698913574218750e+02,-4.608874511718750000e+02,-5.024959716796875000e+02,-4.632993774414062500e+02,-4.694888000488281250e+02
5.750000000000001421e+01,2.139112396240234375e+02,-7.182696533203125000e+01,-5.177851867675781250e+01,-8.873763275146484375e+01,-4.944885253906250000e+01,-5.511137390136718750e+01
3.870000000000000000e+02,2.415566864013671875e+02,3.525144653320312500e+02,3.583220825195312500e+02,3.475939636230468750e+02,3.639320983886718750e+02,3.701849365234375000e+02
5.300000000000000000e+02,1.286932983398437500e+02,5.639949340820312500e+02,5.574334106445312500e+02,5.567396850585937500e+02,5.571775512695312500e+02,5.779511718750000000e+02
3.219999999999999432e+02,-5.525336456298828125e+01,4.666538391113281250e+02,4.104995422363281250e+02,4.313816528320312500e+02,4.163322753906250000e+02,4.368724975585937500e+02
2.900000000000000355e+01,-1.877913665771484375e+02,1.759396972656250000e+02,7.685318756103515625e+01,1.253893508911132812e+02,8.954367065429687500e+01,9.265956115722656250e+01
-9.150000000000000000e+01,-2.321216278076171875e+02,-4.615767288208007812e+01,-8.528929138183593750e+01,-7.515094757080078125e+01,-1.250357208251953125e+02,-1.016271438598632812e+02
-9.879999999999999716e+01,-1.525842742919921875e+02,-1.318263854980468750e+02,-1.559279937744140625e+02,-1.503495178222656250e+02,-1.987830505371093750e+02,-1.729920349121093750e+02
-8.029999999999999716e+01,-4.410824203491210938e+01,-1.679424285888671875e+02,-1.884740142822265625e+02,-1.732524108886718750e+02,-2.110243072509765625e+02,-1.918373107910156250e+02
-1.400000000000000000e+02,2.302823543548583984e+00,-1.907631072998046875e+02,-1.743025512695312500e+02,-1.805201263427734375e+02,-2.036489868164062500e+02,-1.750720672607421875e+02
-2.830000000000000000e+02,4.572155952453613281e+00,-2.363635864257812500e+02,-2.342221374511718750e+02,-2.535311889648437500e+02,-2.629092407226562500e+02,-2.351534881591796875e+02
-3.270000000000000000e+02,-3.146225452423095703e+00,-2.885346069335937500e+02,-3.057385253906250000e+02,-3.311472778320312500e+02,-3.248110046386718750e+02,-3.085276794433593750e+02
-1.670000000000000000e+02,1.972024154663085938e+01,-2.533937988281250000e+02,-2.484036407470703125e+02,-2.785037841796875000e+02,-2.628067932128906250e+02,-2.530298919677734375e+02
8.919999999999998863e+01,7.331549072265625000e+01,-6.459419250488281250e+01,-3.507810211181640625e+01,-5.894250488281250000e+01,-4.659318161010742188e+01,-3.646339797973632812e+01
2.260000000000000000e+02,8.939951324462890625e+01,1.996485443115234375e+02,2.273488159179687500e+02,2.097410430908203125e+02,2.101848754882812500e+02,2.318088531494140625e+02
1.960000000000000000e+02,3.027485466003417969e+01,3.366361999511718750e+02,3.007869873046875000e+02,2.997738037109375000e+02,2.856833801269531250e+02,3.156874389648437500e+02
1.399999999999999716e+02,-6.837168121337890625e+01,2.890757751464843750e+02,1.585933837890625000e+02,1.804189453125000000e+02,1.511227874755859375e+02,1.802106781005859375e+02
9.669999999999997442e+01,-1.209185791015625000e+02,1.396317138671875000e+02,1.291005516052246094e+01,4.518668746948242188e+01,2.360039710998535156e+00,3.070454216003417969e+01
-1.230000000000001759e+00,-1.069264755249023438e+02,5.764975070953369141e+00,-2.548128890991210938e+01,1.988868236541748047e+00,-4.766564178466796875e+01,-1.321653366088867188e+01
-1.310000000000000000e+02,-8.381961822509765625e+01,-1.064869537353515625e+02,-5.847761154174804688e+01,-4.698684692382812500e+01,-9.364691925048828125e+01,-4.990977859497070312e+01
-3.050000000000000000e+02,-6.999901580810546875e+01,-2.399838256835937500e+02,-2.063964843750000000e+02,-1.988608398437500000e+02,-2.309476165771484375e+02,-1.968970642089843750e+02
-3.320000000000000000e+02,-3.457211685180664062e+01,-3.017371215820312500e+02,-2.949708251953125000e+02,-3.030473327636718750e+02,-3.043752136230468750e+02,-2.897566223144531250e+02
-1.180000000000000000e+02,1.705083274841308594e+01,-2.151239624023437500e+02,-1.694772491455078125e+02,-2.167910461425781250e+02,-1.930585327148437500e+02,-1.751399841308593750e+02
1.780000000000000000e+02,8.139321899414062500e+01,-3.147801399230957031e+01,3.272251510620117188e+01,-1.491229820251464844e+01,1.097100830078125000e+01,3.054782676696777344e+01
3.180000000000000000e+02,9.142787933349609375e+01,1.283895874023437500e+02,1.700516357421875000e+02,1.505044860839843750e+02,1.622782440185546875e+02,1.809713134765625000e+02
1.980000000000000000e+02,1.197646236419677734e+01,1.681082611083984375e+02,1.846268463134765625e+02,1.802271728515625000e+02,1.730990753173828125e+02,2.001958312988281250e+02
-1.090000000000000000e+02,-1.001354522705078125e+02,3.798380279541015625e+01,-1.782305717468261719e+01,-5.177713036537170410e-01,-3.298307418823242188e+01,-3.560987949371337891e+00
-3.789999999999999432e+02,-1.569454345703125000e+02,-1.609957427978515625e+02,-2.944173583984375000e+02,-2.510536651611328125e+02,-2.998139343261718750e+02,-2.852488708496093750e+02
-3.810000000000000000e+02,-1.093403396606445312e+02,-2.248445434570312500e+02,-3.385053710937500000e+02,-3.005980834960937500e+02,-3.433516845703125000e+02,-3.335238342285156250e+02
-1.400000000000000000e+02,9.039533615112304688e+00,-9.002442932128906250e+01,-1.290380096435546875e+02,-1.151474456787109375e+02,-1.351368103027343750e+02,-1.221955337524414062e+02
1.920000000000000000e+02,1.082286911010742188e+02,1.468284149169921875e+02,1.689975585937500000e+02,1.666820678710937500e+02,1.662956542968750000e+02,1.829906463623046875e+02
4.110000000000000000e+02,1.094234771728515625e+02,3.116294250488281250e+02,3.411846008300781250e+02,3.392180480957031250e+02,3.425032958984375000e+02,3.619882507324218750e+02
3.640000000000000000e+02,1.954386711120605469e+01,3.040586547851562500e+02,3.193449707031250000e+02,3.189135742187500000e+02,3.229315490722656250e+02,3.413969421386718750e+02
8.820000000000000284e+01,-1.053160781860351562e+02,9.168556213378906250e+01,1.259818267822265625e+02,1.175068283081054688e+02,1.174267959594726562e+02,1.373847503662109375e+02
-2.060000000000000000e+02,-1.893031616210937500e+02,-2.389169311523437500e+02,-2.063588867187500000e+02,-2.097239227294921875e+02,-2.206190795898437500e+02,-2.075793914794921875e+02
-3.030000000000000000e+02,-1.740578155517578125e+02,-4.471840820312500000e+02,-4.476235351562500000e+02,-4.434561157226562500e+02,-4.552953796386718750e+02,-4.564259948730468750e+02
-2.470000000000000000e+02,-6.603716278076171875e+01,-4.077055969238281250e+02,-4.161149597167968750e+02,-4.208222045898437500e+02,-4.292098693847656250e+02,-4.301065368652343750e+02
-2.490000000000000284e+02,4.503640365600585938e+01,-2.114088287353515625e+02,-2.338886718750000000e+02,-2.357523651123046875e+02,-2.498601531982421875e+02,-2.422403106689453125e+02
-2.110000000000000000e+02,8.066068267822265625e+01,-2.820273208618164062e+01,-1.022517013549804688e+02,-8.324172973632812500e+01,-1.095481033325195312e+02,-9.429756927490234375e+01
-1.280000000000000000e+02,5.956881713867187500e+01,5.530771255493164062e+01,-7.914043426513671875e+01,-4.130889511108398438e+01,-6.574322509765625000e+01,-5.778672027587890625e+01
4.410000000000000142e+01,6.000597381591796875e+01,1.359897003173828125e+02,3.665288925170898438e+01,7.040686798095703125e+01,6.253664398193359375e+01,5.965772247314453125e+01
2.590000000000000568e+02,4.687495803833007812e+01,2.607257690429687500e+02,2.914384460449218750e+02,2.902863159179687500e+02,2.894597778320312500e+02,3.036846618652343750e+02
3.630000000000000000e+02,1.612100601196289062e+01,3.265782470703125000e+02,4.005652160644531250e+02,3.990990295410156250e+02,3.929231872558593750e+02,4.163327636718750000e+02
2.920000000000000000e+02,-5.323286437988281250e+01,2.492252349853515625e+02,2.577920837402343750e+02,2.847353820800781250e+02,2.707379760742187500e+02,2.839124450683593750e+02
1.380000000000000000e+02,-1.327246856689453125e+02,9.947975921630859375e+01,1.051024551391601562e+02,1.062264480590820312e+02,9.018157196044921875e+01,1.107391281127929688e+02
-5.030000000000000426e+01,-1.671799621582031250e+02,-9.301494598388671875e+01,-6.308575439453125000e+01,-8.966034698486328125e+01,-1.132092742919921875e+02,-7.744583892822265625e+01
-3.090000000000000000e+02,-1.449745788574218750e+02,-3.199154357910156250e+02,-3.253466186523437500e+02,-3.269325866699218750e+02,-3.570737915039062500e+02,-3.368942871093750000e+02
-4.510000000000000000e+02,-8.681183624267578125e+01,-4.556919250488281250e+02,-4.586030578613281250e+02,-4.532818298339843750e+02,-4.797796020507812500e+02,-4.710391235351562500e+02
-4.070000000000000000e+02,-1.284131908416748047e+01,-4.329241638183593750e+02,-4.133160705566406250e+02,-4.187135925292968750e+02,-4.414698791503906250e+02,-4.276257324218750000e+02
-2.500000000000000000e+02,8.291916656494140625e+01,-2.554061431884765625e+02,-2.599226379394531250e+02,-2.556988067626953125e+02,-2.739581909179687500e+02,-2.633791809082031250e+02
-3.789999999999999147e+01,1.350277709960937500e+02,8.068692207336425781e+00,-2.669454193115234375e+01,-1.636767196655273438e+01,-2.439217185974121094e+01,-1.374230957031250000e+01
1.989999999999999716e+02,1.186006927490234375e+02,2.537783813476562500e+02,2.195410614013671875e+02,2.217336578369140625e+02,2.228136138916015625e+02,2.422554016113281250e+02
3.400000000000000568e+02,6.108773040771484375e+01,3.756840820312500000e+02,3.408616333007812500e+02,3.458586425781250000e+02,3.468933105468750000e+02,3.675781555175781250e+02
3.440000000000000000e+02,-1.938806915283203125e+01,3.686103820800781250e+02,3.351346130371093750e+02,3.443056335449218750e+02,3.419638977050781250e+02,3.590562438964843750e+02
2.419999999999999432e+02,-1.080864639282226562e+02,2.639464721679687500e+02,2.494822845458984375e+02,2.498394927978515625e+02,2.361055603027343750e+02,2.613319396972656250e+02
2.119999999999998863e+01,-1.616365356445312500e+02,7.406019592285156250e+01,5.791024398803710938e+01,6.500762176513671875e+01,3.015471458435058594e+01,6.094139099121093750e+01
-1.580000000000000000e+02,-1.647567443847656250e+02,-1.552904663085937500e+02,-1.714211120605468750e+02,-1.502755126953125000e+02,-1.986099243164062500e+02,-1.737064514160156250e+02
-1.680000000000000000e+02,-1.247535018920898438e+02,-3.301090393066406250e+02,-3.220847473144531250e+02,-3.069139099121093750e+02,-3.476752624511718750e+02,-3.270579223632812500e+02
-1.610000000000000000e+02,-4.057838439941406250e+01,-3.754765930175781250e+02,-3.489094238281250000e+02,-3.449019165039062500e+02,-3.656157836914062500e+02,-3.501578063964843750e+02
-2.750000000000000000e+02,2.699853324890136719e+01,-3.260125122070312500e+02,-2.927205505371093750e+02,-3.020720520019531250e+02,-3.071230773925781250e+02,-2.908007202148437500e+02
-3.730000000000000000e+02,3.077562141418457031e+01,-2.721901550292968750e+02,-2.685677490234375000e+02,-2.830301513671875000e+02,-2.858229370117187500e+02,-2.655017700195312500e+02
-3.500000000000000568e+02,2.730858421325683594e+01,-2.192555236816406250e+02,-2.766373901367187500e+02,-2.784127807617187500e+02,-2.803258056640625000e+02,-2.706054382324218750e+02
-6.380000000000000426e+01,7.000563812255859375e+01,-4.555834960937500000e+01,-1.091286315917968750e+02,-1.067370223999023438e+02,-1.027276306152343750e+02,-1.029545669555664062e+02
3.700000000000000568e+02,1.059332504272460938e+02,2.516421356201171875e+02,2.575455017089843750e+02,2.415876464843750000e+02,2.462604522705078125e+02,2.598774108886718750e+02
5.540000000000000000e+02,9.771091461181640625e+01,4.893898620605468750e+02,5.040160217285156250e+02,4.967209472656250000e+02,4.946312255859375000e+02,5.174421997070312500e+02
4.300000000000000000e+02,-9.707313537597656250e+00,4.993270263671875000e+02,4.539892883300781250e+02,4.728031005859375000e+02,4.595291137695312500e+02,4.843541564941406250e+02
1.620000000000000000e+02,-1.739962310791015625e+02,2.412291259765625000e+02,1.646407165527343750e+02,1.871427917480468750e+02,1.562865295410156250e+02,1.905097656250000000e+02
-1.870000000000000000e+02,-2.447697296142578125e+02,-1.409512176513671875e+02,-2.074633178710937500e+02,-1.815783996582031250e+02,-2.268420410156250000e+02,-1.998813323974609375e+02
-4.590000000000000000e+02,-1.976829376220703125e+02,-4.088430175781250000e+02,-4.174295043945312500e+02,-4.064843750000000000e+02,-4.409919433593750000e+02,-4.273284301757812500e+02
-4.880000000000000568e+02,-9.174404907226562500e+01,-4.891056213378906250e+02,-4.228132324218750000e+02,-4.475549316406250000e+02,-4.619845886230468750e+02,-4.464300842285156250e+02
-3.500000000000000568e+02,3.764453125000000000e+01,-4.133528747558593750e+02,-3.568365478515625000e+02,-3.774236450195312500e+02,-3.816570129394531250e+02,-3.756304626464843750e+02
-5.810000000000000142e+01,1.381703948974609375e+02,-1.754572448730468750e+02,-1.431637115478515625e+02,-1.580559234619140625e+02,-1.567091522216796875e+02,-1.541719970703125000e+02
2.419999999999999432e+02,1.469100799560546875e+02,1.241764602661132812e+02,1.638175354003906250e+02,1.364290771484375000e+02,1.388350677490234375e+02,1.605915679931640625e+02
2.990000000000000568e+02,9.799055480957031250e+01,2.895458068847656250e+02,2.850526123046875000e+02,2.782067260742187500e+02,2.750390319824218750e+02,3.007648620605468750e+02
1.730000000000000000e+02,-1.207630348205566406e+01,2.389319152832031250e+02,2.000438079833984375e+02,2.127152709960937500e+02,2.066006317138671875e+02,2.234572448730468750e+02
8.290000000000008029e+00,-1.246999435424804688e+02,7.083898925781250000e+01,4.122440338134765625e+01,4.606166458129882812e+01,3.367332077026367188e+01,5.206599044799804688e+01
-1.240000000000000000e+02,-1.476935272216796875e+02,-4.522195816040039062e+01,-1.132087173461914062e+02,-9.453540802001953125e+01,-1.187341156005859375e+02,-1.064001541137695312e+02
-1.440000000000000000e+02,-9.893278503417968750e+01,-5.650147628784179688e+01,-1.346975555419921875e+02,-1.096736373901367188e+02,-1.390409088134765625e+02,-1.288487243652343750e+02
-6.870000000000000284e+01,-3.478431320190429688e+01,-2.112339019775390625e+01,-5.553638839721679688e+01,-4.104425811767578125e+01,-6.842136383056640625e+01,-4.972813034057617188e+01
1.999999999999999645e+01,1.405802440643310547e+01,2.164054155349731445e+00,-7.820835590362548828e+00,4.264641761779785156e+00,-1.600562667846679688e+01,5.527429580688476562e+00
8.879999999999999716e+01,2.112328529357910156e+01,-9.211631774902343750e+00,6.982150554656982422e+00,7.267477989196777344e+00,-1.119016408920288086e+00,2.273798179626464844e+01
5.750000000000001421e+01,-6.710085391998291016e+00,-5.880676269531250000e+01,-3.556667566299438477e+00,-2.371306991577148438e+01,-2.279931449890136719e+01,7.038247108459472656e+00
-6.859999999999999432e+01,-4.023075485229492188e+01,-1.402013244628906250e+02,-7.821550750732421875e+01,-1.021119766235351562e+02,-9.990780639648437500e+01,-7.075981140136718750e+01
-2.120000000000000000e+02,-6.674743652343750000e+01,-2.304115142822265625e+02,-1.906678161621093750e+02,-2.056914978027343750e+02,-2.086184844970703125e+02,-1.861959228515625000e+02
-2.510000000000000000e+02,-5.553004837036132812e+01,-2.474734954833984375e+02,-2.510354766845703125e+02,-2.499961853027343750e+02,-2.612916564941406250e+02,-2.489949035644531250e+02
-1.360000000000000000e+02,-7.025784969329833984e+00,-1.329801635742187500e+02,-1.718572235107421875e+02,-1.615437927246093750e+02,-1.796537780761718750e+02,-1.706384735107421875e+02
7.579999999999998295e+01,4.713198852539062500e+01,6.325996017456054688e+01,1.791760635375976562e+01,2.957063293457031250e+01,1.207261276245117188e+01,2.478752708435058594e+01
2.199999999999999716e+02,6.148532867431640625e+01,2.167808532714843750e+02,1.621759338378906250e+02,1.805929412841796875e+02,1.666457214355468750e+02,1.821959228515625000e+02
2.309999999999999716e+02,1.841954040527343750e+01,2.531148529052734375e+02,2.005536804199218750e+02,2.211409606933593750e+02,2.090318756103515625e+02,2.278390808105468750e+02
6.579999999999998295e+01,-6.159769058227539062e+01,1.379398498535156250e+02,1.010362472534179688e+02,1.184260864257812500e+02,1.029290542602539062e+02,1.257883834838867188e+02
-9.850000000000000000e+01,-1.175895690917968750e+02,-6.335015106201171875e+01,-8.538240051269531250e+01,-7.056787109375000000e+01,-8.885389709472656250e+01,-6.950871276855468750e+01
-1.989999999999999716e+02,-1.207453842163085938e+02,-2.137846832275390625e+02,-2.054117584228515625e+02,-2.082329711914062500e+02,-2.218401489257812500e+02,-2.033757781982421875e+02
-1.740000000000000000e+02,-5.785161972045898438e+01,-2.326542510986328125e+02,-2.025639343261718750e+02,-2.178065338134765625e+02,-2.236392517089843750e+02,-2.090338897705078125e+02
-4.640000000000000568e+01,4.875380039215087891e+00,-1.504133453369140625e+02,-1.036476669311523438e+02,-1.305475311279296875e+02,-1.358334045410156250e+02,-1.168400878906250000e+02
1.529999999999999538e+01,4.220261001586914062e+01,-3.932180404663085938e+01,-6.986484527587890625e+00,-2.425948715209960938e+01,-3.706027603149414062e+01,-1.576162147521972656e+01
-1.450000000000000178e+01,3.234354400634765625e+01,1.856699180603027344e+01,8.888704299926757812e+00,1.479640388488769531e+01,-7.322250366210937500e+00,1.058914470672607422e+01
-3.779999999999999005e+01,-1.479742908477783203e+01,8.556664466857910156e+00,2.212252855300903320e+00,9.858128547668457031e+00,-1.779072380065917969e+01,3.785241127014160156e+00
-6.400000000000000000e+01,-3.928263092041015625e+01,-4.739878845214843750e+01,-6.888108825683593750e+01,-4.221622085571289062e+01,-7.297413635253906250e+01,-5.977117919921875000e+01
1.700000000000000000e+01,-2.859741973876953125e+01,-5.238103866577148438e+01,-7.308568572998046875e+01,-3.914826583862304688e+01,-6.268790435791015625e+01,-5.747942733764648438e+01
1.399999999999999716e+02,-1.722306060791015625e+01,2.696821975708007812e+01,4.723571777343750000e+01,5.305604553222656250e+01,3.948121261596679688e+01,5.969601058959960938e+01
1.330000000000000000e+02,-8.875746726989746094e+00,7.316855621337890625e+01,4.818022918701171875e+01,6.355155181884765625e+01,5.057767868041992188e+01,7.070281219482421875e+01
1.200000000000000178e+01,-4.040393066406250000e+01,3.881839370727539062e+01,-2.430287933349609375e+01,-1.189558792114257812e+01,-2.369056510925292969e+01,-3.824307203292846680e+00
-1.640000000000000000e+02,-8.469296264648437500e+01,-6.715184020996093750e+01,-1.044701538085937500e+02,-1.199235610961914062e+02,-1.304817962646484375e+02,-1.007777709960937500e+02
-3.370000000000000000e+02,-8.453974914550781250e+01,-1.985085601806640625e+02,-2.443364257812500000e+02,-2.518779602050781250e+02,-2.628563842773437500e+02,-2.447505645751953125e+02
-3.330000000000000000e+02,-3.776497650146484375e+01,-2.234481811523437500e+02,-2.230582275390625000e+02,-2.363434143066406250e+02,-2.426811828613281250e+02,-2.315983276367187500e+02
-8.309999999999999432e+01,2.933555603027343750e+01,-1.129502334594726562e+02,-5.994891738891601562e+01,-7.450344085693359375e+01,-8.213786315917968750e+01,-6.966457366943359375e+01
2.660000000000000000e+02,9.327193450927734375e+01,8.941519165039062500e+01,1.401935424804687500e+02,1.503937988281250000e+02,1.353115844726562500e+02,1.448093872070312500e+02
4.469999999999999432e+02,9.175397491455078125e+01,2.794862060546875000e+02,3.273287658691406250e+02,3.466708679199218750e+02,3.261935119628906250e+02,3.426863708496093750e+02
3.300000000000000568e+02,-9.289070367813110352e-01,2.914376525878906250e+02,3.160673828125000000e+02,3.382435607910156250e+02,3.106222229003906250e+02,3.386356201171875000e+02
-2.460000000000000142e+01,-1.344592437744140625e+02,5.274925613403320312e+01,1.844849586486816406e+01,4.871737289428710938e+01,1.310119533538818359e+01,4.084519577026367188e+01
-3.650000000000000000e+02,-2.069478302001953125e+02,-2.842580871582031250e+02,-3.587254028320312500e+02,-3.275523376464843750e+02,-3.587760925292968750e+02,-3.498567199707031250e+02
-4.700000000000000000e+02,-1.594532012939453125e+02,-4.313105773925781250e+02,-4.795487976074218750e+02,-4.752538146972656250e+02,-4.896550598144531250e+02,-4.872908630371093750e+02
-2.780000000000000000e+02,-2.196773910522460938e+01,-3.219212646484375000e+02,-3.209862365722656250e+02,-3.490986328125000000e+02,-3.434756164550781250e+02,-3.382869262695312500e+02
2.610000000000000853e+01,1.032981948852539062e+02,-8.447897338867187500e+01,-8.242902374267578125e+01,-1.049365539550781250e+02,-9.324918365478515625e+01,-8.801782226562500000e+01
1.760000000000000000e+02,1.420568695068359375e+02,1.582520141601562500e+02,1.327904968261718750e+02,1.319736480712890625e+02,1.378331756591796875e+02,1.462308502197265625e+02
9.459999999999999432e+01,7.149795532226562500e+01,2.756738586425781250e+02,2.446294708251953125e+02,2.459340820312500000e+02,2.440853271484375000e+02,2.643419799804687500e+02
-3.810000000000000142e+01,-4.207934951782226562e+01,1.811461181640625000e+02,1.501364898681640625e+02,1.597213592529296875e+02,1.440236053466796875e+02,1.674423217773437500e+02
-6.240000000000000568e+01,-1.035091857910156250e+02,-2.092546272277832031e+01,-5.373939895629882812e+01,-9.366474151611328125e+00,-4.439738845825195312e+01,-4.107924652099609375e+01
1.299999999999999716e+02,-7.174242401123046875e+01,-6.520587158203125000e+01,-4.089189910888671875e+01,6.275044918060302734e+00,-3.852551269531250000e+01,-4.188880920410156250e+01
1.939999999999999716e+02,-1.671536827087402344e+01,7.202050781250000000e+01,1.712217254638671875e+02,1.764696960449218750e+02,1.375361022949218750e+02,1.568300476074218750e+02
2.959999999999999787e+01,-8.261382102966308594e+00,1.392761688232421875e+02,1.841556396484375000e+02,1.919965362548828125e+02,1.558316040039062500e+02,1.873716278076171875e+02
-2.280000000000000000e+02,-8.584910583496093750e+01,-3.730346298217773438e+01,-1.322318878173828125e+02,-9.861098480224609375e+01,-1.296395416259765625e+02,-1.105466842651367188e+02
-2.680000000000000000e+02,-1.105945816040039062e+02,-2.410976715087890625e+02,-3.401790161132812500e+02,-3.294270935058593750e+02,-3.331869506835937500e+02,-3.288923034667968750e+02
-1.080000000000000000e+02,-4.341972732543945312e+01,-2.661760559082031250e+02,-2.683739013671875000e+02,-2.959239196777343750e+02,-2.824932250976562500e+02,-2.720072937011718750e+02
-5.880000000000021876e-01,5.310832977294921875e+01,-1.263357849121093750e+02,-4.972510528564453125e+01,-8.822994232177734375e+01,-7.432113647460937500e+01,-5.593740463256835938e+01
-7.429999999999999716e+01,6.778614044189453125e+01,2.340171813964843750e+00,4.667429733276367188e+01,3.508047485351562500e+01,3.114520645141601562e+01,5.265305709838867188e+01
-1.889999999999999716e+02,7.107086658477783203e+00,3.105553817749023438e+01,-1.891866683959960938e+01,-4.234689712524414062e+00,-2.159794425964355469e+01,-7.360876560211181641e+00
-2.280000000000000000e+02,-3.330899047851562500e+01,3.911021041870117188e+01,-5.122209167480468750e+01,-3.697119522094726562e+01,-5.567966079711914062e+01,-4.892091369628906250e+01
-7.179999999999999716e+01,-5.075243473052978516e+00,1.120098114013671875e+02,5.178734207153320312e+01,6.041568374633789062e+01,4.338604354858398438e+01,4.679764938354492188e+01
2.740000000000000000e+02,3.867165374755859375e+01,2.478306732177734375e+02,2.729053649902343750e+02,2.655307312011718750e+02,2.508548278808593750e+02,2.638415527343750000e+02
5.459999999999998863e+02,5.296585083007812500e+01,3.492314453125000000e+02,4.147863159179687500e+02,4.134441528320312500e+02,3.968663635253906250e+02,4.162567443847656250e+02
5.100000000000000000e+02,-6.202790260314941406e+00,3.373907470703125000e+02,3.848258972167968750e+02,3.961234741210937500e+02,3.728643798828125000e+02,3.975571594238281250e+02
1.520000000000000000e+02,-1.351044464111328125e+02,1.217979202270507812e+02,1.455691833496093750e+02,1.522441711425781250e+02,1.156104888916015625e+02,1.553752136230468750e+02
-3.480000000000000000e+02,-2.416703643798828125e+02,-3.101543273925781250e+02,-3.695322875976562500e+02,-3.419361267089843750e+02,-3.866549682617187500e+02,-3.638703308105468750e+02
-6.550000000000000000e+02,-2.308418731689453125e+02,-6.325004272460937500e+02,-7.019920043945312500e+02,-6.832680053710937500e+02,-7.044547729492187500e+02,-7.077069091796875000e+02
-6.940000000000000000e+02,-8.980367279052734375e+01,-6.583163452148437500e+02,-6.921520996093750000e+02,-7.069461669921875000e+02,-6.979500122070312500e+02,-7.081563720703125000e+02
-4.750000000000000000e+02,9.685114288330078125e+01,-4.125389404296875000e+02,-4.316998291015625000e+02,-4.683214111328125000e+02,-4.367348327636718750e+02,-4.526652221679687500e+02
-9.449999999999998579e+01,2.055381011962890625e+02,1.065194034576416016e+01,-1.686222457885742188e+01,-4.745545578002929688e+01,-2.255876731872558594e+01,-2.810104370117187500e+01
3.120000000000000000e+02,2.222868347167968750e+02,3.914382934570312500e+02,3.174265136718750000e+02,3.244318237304687500e+02,3.273401489257812500e+02,3.303826904296875000e+02
6.820000000000000000e+02,1.435588226318359375e+02,6.032753906250000000e+02,5.479654541015625000e+02,5.593637695312500000e+02,5.555347900390625000e+02,5.680544433593750000e+02
7.430000000000000000e+02,3.758347272872924805e+00,6.077540283203125000e+02,6.039091186523437500e+02,6.115853881835937500e+02,5.990491943359375000e+02,6.235518798828125000e+02
3.170000000000000000e+02,-1.548542633056640625e+02,3.503450622558593750e+02,3.339426574707031250e+02,3.812389221191406250e+02,3.381680297851562500e+02,3.646251525878906250e+02
-2.060000000000000000e+02,-2.910927429199218750e+02,-7.440402221679687500e+01,-9.181221771240234375e+01,-5.053860092163085938e+01,-1.237013473510742188e+02,-8.345748901367187500e+01
-5.590000000000000000e+02,-3.102297973632812500e+02,-4.382644042968750000e+02,-4.835189819335937500e+02,-4.717090759277343750e+02,-5.338523559570312500e+02,-4.989010620117187500e+02
-5.280000000000000000e+02,-1.570000762939453125e+02,-5.783031616210937500e+02,-6.325186157226562500e+02,-6.335833740234375000e+02,-6.555953369140625000e+02,-6.515489501953125000e+02
-2.370000000000000000e+02,4.500065231323242188e+01,-4.598331298828125000e+02,-4.188825073242187500e+02,-4.719151611328125000e+02,-4.561901550292968750e+02,-4.513796691894531250e+02
-4.300000000000000000e+01,1.710908508300781250e+02,-1.744977722167968750e+02,-7.850728607177734375e+01,-1.419382324218750000e+02,-1.206556549072265625e+02,-1.023048400878906250e+02
2.420000000000000284e+01,1.625000000000000000e+02,6.201166915893554688e+01,8.538092803955078125e+01,6.656424713134765625e+01,6.485466003417968750e+01,9.362187194824218750e+01
4.760000000000001563e+01,5.580783081054687500e+01,9.444233703613281250e+01,3.385007095336914062e+01,4.587523269653320312e+01,3.625765609741210938e+01,5.846706390380859375e+01
1.119999999999999041e+01,-1.836648178100585938e+01,5.376116943359375000e+01,-1.388224887847900391e+01,-7.315341234207153320e-01,-6.541271209716796875e+00,3.347815990447998047e+00
-8.830000000000000071e+00,-4.118628311157226562e+01,1.010366210937500000e+02,9.867106628417968750e+01,8.967189788818359375e+01,7.764529418945312500e+01,1.003885955810546875e+02
1.079999999999999361e+01,-4.944060897827148438e+01,1.669151916503906250e+02,1.668317413330078125e+02,1.617669830322265625e+02,1.360030364990234375e+02,1.710816192626953125e+02
9.130000000000001137e+01,-3.923649978637695312e+01,2.151755523681640625e+02,1.319254913330078125e+02,1.613450469970703125e+02,1.258517608642578125e+02,1.521900939941406250e+02
2.240000000000000284e+02,-3.032032394409179688e+01,2.596588134765625000e+02,1.820711822509765625e+02,2.039992370605468750e+02,1.710796813964843750e+02,2.010331573486328125e+02
2.450000000000000000e+02,-3.518748092651367188e+01,2.319557952880859375e+02,2.472094421386718750e+02,2.399377441406250000e+02,2.129973297119140625e+02,2.600150451660156250e+02
4.279999999999999005e+01,-6.740541076660156250e+01,4.642464447021484375e+01,9.091063690185546875e+01,8.981056976318359375e+01,6.483843231201171875e+01,1.139308624267578125e+02
-1.790000000000000000e+02,-1.209420928955078125e+02,-2.619447326660156250e+02,-2.151019439697265625e+02,-2.129671478271484375e+02,-2.248947448730468750e+02,-1.910005340576171875e+02
-2.660000000000000000e+02,-1.260519256591796875e+02,-4.649286193847656250e+02,-3.959485473632812500e+02,-4.220715026855468750e+02,-4.129162292480468750e+02,-3.860260314941406250e+02
-2.930000000000000000e+02,-4.875582885742187500e+01,-4.616480712890625000e+02,-4.142364196777343750e+02,-4.497091979980468750e+02,-4.284841003417968750e+02,-4.096667175292968750e+02
-2.529999999999999716e+02,3.491751861572265625e+01,-3.069846496582031250e+02,-2.943098754882812500e+02,-3.285772705078125000e+02,-3.098383789062500000e+02,-2.914645080566406250e+02
-2.730000000000000000e+02,6.707245635986328125e+01,-1.188114395141601562e+02,-1.705662841796875000e+02,-1.810660247802734375e+02,-1.813027801513671875e+02,-1.619452362060546875e+02
-2.170000000000000000e+02,7.670012664794921875e+01,4.987281036376953125e+01,-8.121178436279296875e+01,-5.461143112182617188e+01,-6.994757843017578125e+01,-6.268382263183593750e+01
7.600000000000001421e+01,6.226241302490234375e+01,2.214894561767578125e+02,1.244824142456054688e+02,1.383022613525390625e+02,1.245399322509765625e+02,1.368954925537109375e+02
3.560000000000000000e+02,6.964859008789062500e+01,3.872802429199218750e+02,3.430191955566406250e+02,3.545266418457031250e+02,3.452568359375000000e+02,3.591701965332031250e+02
4.290000000000000568e+02,4.847389984130859375e+01,4.794286193847656250e+02,4.662439270019531250e+02,4.884110107421875000e+02,4.812724914550781250e+02,4.934967346191406250e+02
4.660000000000000000e+02,-5.982342529296875000e+01,4.172366333007812500e+02,4.546780395507812500e+02,4.631850585937500000e+02,4.520139770507812500e+02,4.807467041015625000e+02
2.630000000000000000e+02,-1.704350433349609375e+02,1.325815887451171875e+02,1.291515808105468750e+02,1.613117370605468750e+02,1.321255798339843750e+02,1.595318756103515625e+02
-1.120000000000000142e+02,-2.036024322509765625e+02,-1.980889129638671875e+02,-2.200784912109375000e+02,-1.823611145019531250e+02,-2.153191833496093750e+02,-2.111932525634765625e+02
-4.440000000000000000e+02,-2.040907745361328125e+02,-4.507813110351562500e+02,-3.910997009277343750e+02,-4.214233398437500000e+02,-4.423317871093750000e+02,-4.210795898437500000e+02
-7.410000000000000000e+02,-1.309471740722656250e+02,-6.160073852539062500e+02,-5.912196044921875000e+02,-6.240384521484375000e+02,-6.276518554687500000e+02,-6.221635131835937500e+02
-7.230000000000000000e+02,6.658612728118896484e+00,-6.055039062500000000e+02,-6.440421752929687500e+02,-6.633500366210937500e+02,-6.467109985351562500e+02,-6.692261352539062500e+02
-3.540000000000000000e+02,1.321328887939453125e+02,-3.330583190917968750e+02,-3.521349182128906250e+02,-3.927998657226562500e+02,-3.641323242187500000e+02,-3.830565490722656250e+02
1.580000000000000000e+02,2.327700195312500000e+02,1.705440673828125000e+02,1.818733215332031250e+02,1.492079162597656250e+02,1.651906433105468750e+02,1.668700103759765625e+02
4.880000000000000568e+02,2.307354431152343750e+02,5.536880493164062500e+02,5.304741210937500000e+02,5.409483032226562500e+02,5.358124389648437500e+02,5.499191284179687500e+02
5.360000000000000000e+02,9.953092956542968750e+01,6.555726318359375000e+02,6.000891723632812500e+02,6.336148681640625000e+02,6.236744384765625000e+02,6.363783569335937500e+02
4.540000000000000000e+02,-9.229122161865234375e+01,5.402755737304687500e+02,4.994426879882812500e+02,5.219534912109375000e+02,5.057572326660156250e+02,5.259737548828125000e+02
2.790000000000000568e+02,-2.183715972900390625e+02,2.724454650878906250e+02,2.308552246093750000e+02,2.569097595214843750e+02,2.133490295410156250e+02,2.410825805664062500e+02
8.889999999999999147e+01,-2.394854125976562500e+02,-2.461369323730468750e+01,-5.837503814697265625e+01,-2.832548904418945312e+01,-8.953617858886718750e+01,-6.603628540039062500e+01
-1.340000000000000000e+02,-2.020318145751953125e+02,-2.548918609619140625e+02,-2.377901153564453125e+02,-2.497352600097656250e+02,-2.995820922851562500e+02,-2.673235473632812500e+02
-4.690000000000000000e+02,-1.366693725585937500e+02,-4.624532165527343750e+02,-4.444850158691406250e+02,-4.710529174804687500e+02,-4.988064575195312500e+02,-4.729917297363281250e+02
-7.160000000000000000e+02,-6.777340698242187500e+01,-6.094861450195312500e+02,-6.244714355468750000e+02,-6.494402465820312500e+02,-6.530737304687500000e+02,-6.459483642578125000e+02
-6.580000000000000000e+02,1.756305313110351562e+01,-5.846093139648437500e+02,-6.135991210937500000e+02,-6.500767211914062500e+02,-6.318890380859375000e+02,-6.328435668945312500e+02
-3.170000000000000000e+02,1.412312316894531250e+02,-3.284873046875000000e+02,-3.528585510253906250e+02,-3.870496826171875000e+02,-3.599741821289062500e+02,-3.637703857421875000e+02
1.330000000000000000e+02,2.276755828857421875e+02,1.098062515258789062e+02,1.153725051879882812e+02,1.063421859741210938e+02,1.147824478149414062e+02,1.226417312622070312e+02
5.740000000000000000e+02,2.065693054199218750e+02,4.922175598144531250e+02,5.163080444335937500e+02,5.285175170898437500e+02,5.136085815429687500e+02,5.389503173828125000e+02
7.660000000000000000e+02,8.588405609130859375e+01,6.390552368164062500e+02,6.148484497070312500e+02,6.452334594726562500e+02,6.213012695312500000e+02,6.498441772460937500e+02
6.289999999999998863e+02,-8.652460479736328125e+01,5.581039428710937500e+02,4.638600158691406250e+02,5.054419555664062500e+02,4.773064575195312500e+02,5.054146118164062500e+02
2.430000000000000284e+02,-2.480508575439453125e+02,2.668904418945312500e+02,1.790326385498046875e+02,1.875802459716796875e+02,1.484386749267578125e+02,2.021112976074218750e+02
-3.420000000000000000e+02,-3.186553344726562500e+02,-1.816181640625000000e+02,-2.765617980957031250e+02,-2.785631103515625000e+02,-3.243573303222656250e+02,-2.679782104492187500e+02
-7.830000000000000000e+02,-2.743186340332031250e+02,-5.663375244140625000e+02,-6.508935546875000000e+02,-6.555264892578125000e+02,-6.747301025390625000e+02,-6.525424804687500000e+02
-7.559999999999998863e+02,-1.244190444946289062e+02,-6.925985717773437500e+02,-7.067108154296875000e+02,-7.440672607421875000e+02,-7.300938720703125000e+02,-7.211482543945312500e+02
-3.730000000000000000e+02,9.493962860107421875e+01,-5.364172363281250000e+02,-4.898420104980468750e+02,-5.423696899414062500e+02,-5.060817871093750000e+02,-5.099330444335937500e+02
7.229999999999994209e+00,2.501070404052734375e+02,-1.130468215942382812e+02,-2.126272392272949219e+01,-6.141130065917968750e+01,-3.607967376708984375e+01,-3.435004043579101562e+01
2.110000000000000000e+02,2.397531127929687500e+02,3.092247924804687500e+02,3.818995971679687500e+02,3.776966552734375000e+02,3.638335571289062500e+02,3.906755981445312500e+02
2.350000000000000000e+02,1.065707931518554688e+02,4.251331787109375000e+02,4.257079467773437500e+02,4.619078369140625000e+02,4.255545654296875000e+02,4.562181091308593750e+02
3.260000000000000000e+02,-3.839859008789062500e+01,3.232171020507812500e+02,2.935415954589843750e+02,3.377763366699218750e+02,3.070672912597656250e+02,3.223488464355468750e+02
4.620000000000000000e+02,-1.140268707275390625e+02,2.387485198974609375e+02,2.526692199707031250e+02,2.629469299316406250e+02,2.398753509521484375e+02,2.608895874023437500e+02
4.360000000000000000e+02,-1.203271331787109375e+02,2.367647552490234375e+02,2.560937500000000000e+02,2.477169189453125000e+02,2.222747497558593750e+02,2.584284973144531250e+02
7.429999999999999716e+01,-1.541627502441406250e+02,1.140598449707031250e+02,6.709633636474609375e+01,6.480358886718750000e+01,2.745866012573242188e+01,7.907202911376953125e+01
-5.230000000000000000e+02,-2.102758789062500000e+02,-2.409934234619140625e+02,-3.817875366210937500e+02,-3.584216613769531250e+02,-3.991809692382812500e+02,-3.607669067382812500e+02
-9.190000000000000000e+02,-2.013029479980468750e+02,-5.738155517578125000e+02,-6.997367553710937500e+02,-6.867871704101562500e+02,-7.021130981445312500e+02,-6.867066040039062500e+02
-8.050000000000000000e+02,-6.084278869628906250e+01,-6.392996826171875000e+02,-6.880875244140625000e+02,-7.024943847656250000e+02,-6.887476806640625000e+02,-6.841000976562500000e+02
-2.410000000000000000e+02,1.601917419433593750e+02,-3.675597839355468750e+02,-3.119400024414062500e+02,-3.522333374023437500e+02,-3.147268371582031250e+02,-3.185016784667968750e+02
3.910000000000000000e+02,2.930564880371093750e+02,1.799847259521484375e+02,3.170877380371093750e+02,2.737100219726562500e+02,3.030693664550781250e+02,3.151686706542968750e+02
7.850000000000000000e+02,2.563553161621093750e+02,6.008260498046875000e+02,6.904175415039062500e+02,6.762094726562500000e+02,6.825923461914062500e+02,7.108725585937500000e+02
7.370000000000000000e+02,5.748463821411132812e+01,6.589249877929687500e+02,6.536929931640625000e+02,6.712670288085937500e+02,6.636826171875000000e+02,6.955247802734375000e+02
4.040000000000000000e+02,-1.855781555175781250e+02,3.753458251953125000e+02,2.841703491210937500e+02,3.292400207519531250e+02,2.982940368652343750e+02,3.266823730468750000e+02
-2.170000000000000284e+01,-3.273623657226562500e+02,-8.376246643066406250e+01,-1.634868621826171875e+02,-1.273069992065429688e+02,-1.945899658203125000e+02,-1.563485717773437500e+02
-4.650000000000000000e+02,-3.087331542968750000e+02,-4.160678405761718750e+02,-5.001854553222656250e+02,-4.712984313964843750e+02,-5.336637573242187500e+02,-5.070841369628906250e+02
-7.260000000000000000e+02,-1.858960876464843750e+02,-5.705318603515625000e+02,-6.709169311523437500e+02,-6.552175903320312500e+02,-6.815953369140625000e+02,-6.761966552734375000e+02
-6.790000000000000000e+02,-2.364859962463378906e+01,-5.502009887695312500e+02,-6.332688598632812500e+02,-6.372657470703125000e+02,-6.299581298828125000e+02,-6.347258911132812500e+02
-3.640000000000000000e+02,1.398078002929687500e+02,-3.386598510742187500e+02,-4.039866027832031250e+02,-4.065695800781250000e+02,-3.800895690917968750e+02,-3.945989074707031250e+02
6.579999999999998295e+01,2.320861968994140625e+02,4.164239883422851562e+01,1.069109153747558594e+01,1.266522693634033203e+01,3.593564605712890625e+01,3.019498634338378906e+01
4.610000000000000000e+02,2.135616760253906250e+02,3.909207458496093750e+02,4.245274047851562500e+02,4.171868896484375000e+02,4.259550476074218750e+02,4.447964172363281250e+02
5.819999999999998863e+02,1.031723098754882812e+02,4.901217651367187500e+02,5.414527587890625000e+02,5.450279541015625000e+02,5.426762695312500000e+02,5.687416992187500000e+02
4.330000000000000000e+02,-6.050205612182617188e+01,3.589084777832031250e+02,3.964645080566406250e+02,4.179248962402343750e+02,4.049392700195312500e+02,4.268255310058593750e+02
1.740000000000000000e+02,-2.075911254882812500e+02,1.267092132568359375e+02,1.543751831054687500e+02,1.652567901611328125e+02,1.235619888305664062e+02,1.613303680419921875e+02
-1.570000000000000000e+02,-2.521670379638671875e+02,-9.512225341796875000e+01,-1.385961303710937500e+02,-1.212490615844726562e+02,-1.931905975341796875e+02,-1.490533142089843750e+02
-3.830000000000000000e+02,-1.976712188720703125e+02,-2.737529296875000000e+02,-3.575990295410156250e+02,-3.318844909667968750e+02,-4.013589782714843750e+02,-3.685659484863281250e+02
-3.920000000000000000e+02,-9.756013488769531250e+01,-3.805129089355468750e+02,-4.308437805175781250e+02,-4.134408264160156250e+02,-4.615543518066406250e+02,-4.320960388183593750e+02
-2.680000000000000000e+02,2.644946098327636719e+01,-3.605470886230468750e+02,-3.810895690917968750e+02,-3.634447021484375000e+02,-3.862263183593750000e+02,-3.640186462402343750e+02
-9.970000000000000284e+01,1.101305007934570312e+02,-2.149223175048828125e+02,-2.086417083740234375e+02,-2.030248870849609375e+02,-2.013751831054687500e+02,-1.794737854003906250e+02
4.029999999999999005e+01,1.130616455078125000e+02,-3.718483734130859375e+01,-4.809704780578613281e+00,-2.101523971557617188e+01,-9.320831298828125000e+00,2.231862068176269531e+01
8.740000000000000568e+01,6.774095153808593750e+01,5.585365295410156250e+01,7.691248321533203125e+01,6.337445449829101562e+01,7.166173553466796875e+01,1.024625091552734375e+02
5.629999999999998295e+01,4.025917530059814453e+00,6.960894775390625000e+01,7.166242980957031250e+01,6.689482116699218750e+01,7.133660888671875000e+01,9.482632446289062500e+01
1.119999999999999041e+01,-4.809091186523437500e+01,8.284577941894531250e+01,8.383763885498046875e+01,7.510411834716796875e+01,7.044432067871093750e+01,9.679502105712890625e+01
2.589999999999999147e+01,-6.571501159667968750e+01,1.219176177978515625e+02,9.276652526855468750e+01,9.201033020019531250e+01,7.114367675781250000e+01,1.001682739257812500e+02
1.009999999999999858e+02,-5.456967926025390625e+01,1.583906250000000000e+02,1.038432464599609375e+02,1.198503875732421875e+02,8.390198516845703125e+01,1.113855667114257812e+02
1.420000000000000000e+02,-3.719955062866210938e+01,1.623553009033203125e+02,1.299632415771484375e+02,1.537649383544921875e+02,1.111325302124023438e+02,1.406038513183593750e+02
1.380000000000000000e+02,-4.187651062011718750e+01,1.036218566894531250e+02,1.118418960571289062e+02,1.384822235107421875e+02,9.424700927734375000e+01,1.323659362792968750e+02
3.529999999999999716e+01,-7.070931243896484375e+01,-5.788005447387695312e+01,-3.545460510253906250e+01,4.227065563201904297e+00,-3.974641418457031250e+01,1.468700766563415527e+00
-1.310000000000000000e+02,-8.869004058837890625e+01,-2.611013793945312500e+02,-2.493174896240234375e+02,-2.038661499023437500e+02,-2.331812438964843750e+02,-2.058311004638671875e+02
-2.180000000000000000e+02,-8.513758087158203125e+01,-3.836643066406250000e+02,-3.525237731933593750e+02,-3.473866882324218750e+02,-3.485382385253906250e+02,-3.264138183593750000e+02
-2.730000000000000000e+02,-4.535602569580078125e+01,-3.923852539062500000e+02,-3.614932250976562500e+02,-3.920192565917968750e+02,-3.719301147460937500e+02,-3.551460266113281250e+02
-3.270000000000000000e+02,1.622635078430175781e+01,-3.000007934570312500e+02,-3.179795227050781250e+02,-3.477916870117187500e+02,-3.193100891113281250e+02,-3.154224853515625000e+02
-3.120000000000000000e+02,4.926846694946289062e+01,-1.276535415649414062e+02,-1.772159423828125000e+02,-2.066184539794921875e+02,-1.811435699462890625e+02,-1.760406341552734375e+02
-1.430000000000000000e+02,6.965257263183593750e+01,7.351025390625000000e+01,6.220761775970458984e+00,-9.784040451049804688e+00,4.145128428936004639e-01,8.977145195007324219e+00
2.199999999999999716e+02,8.957438659667968750e+01,2.728728637695312500e+02,2.109562225341796875e+02,2.234463806152343750e+02,2.137720031738281250e+02,2.204405059814453125e+02
5.580000000000001137e+02,8.403899383544921875e+01,4.420081176757812500e+02,4.290675659179687500e+02,4.620376586914062500e+02,4.350390930175781250e+02,4.457224426269531250e+02
6.070000000000000000e+02,2.142292213439941406e+01,4.973803710937500000e+02,5.236036376953125000e+02,5.723080444335937500e+02,5.283911132812500000e+02,5.484073486328125000e+02
3.370000000000000000e+02,-1.154590606689453125e+02,3.206808471679687500e+02,3.460126342773437500e+02,4.132373352050781250e+02,3.443287048339843750e+02,3.779870910644531250e+02
-1.150000000000000000e+02,-2.476607818603515625e+02,-1.177514266967773438e+02,-1.447418518066406250e+02,-7.184938049316406250e+01,-1.472358856201171875e+02,-1.211545562744140625e+02
-4.820000000000000000e+02,-2.670938110351562500e+02,-4.981091613769531250e+02,-5.301358642578125000e+02,-5.099526367187500000e+02,-5.410083007812500000e+02,-5.363814086914062500e+02
-6.400000000000000000e+02,-1.589021606445312500e+02,-6.238521728515625000e+02,-6.081414184570312500e+02,-6.485396118164062500e+02,-6.367949218750000000e+02,-6.384896240234375000e+02
-5.640000000000000000e+02,1.136147308349609375e+01,-5.422195434570312500e+02,-5.046437072753906250e+02,-5.668018188476562500e+02,-5.310204467773437500e+02,-5.422357177734375000e+02
-2.980000000000000000e+02,1.458782196044921875e+02,-2.846517028808593750e+02,-2.643176574707031250e+02,-3.145951843261718750e+02,-2.787412719726562500e+02,-2.945374145507812500e+02
4.100000000000000711e+01,2.026034545898437500e+02,8.098336791992187500e+01,6.399621963500976562e+01,4.452937698364257812e+01,6.219921493530273438e+01,5.356465148925781250e+01
3.789999999999999432e+02,1.748329772949218750e+02,3.943896789550781250e+02,3.697098693847656250e+02,3.713026428222656250e+02,3.720930480957031250e+02,3.788142700195312500e+02
5.210000000000000000e+02,7.885321044921875000e+01,5.160036621093750000e+02,4.974595031738281250e+02,5.156605834960937500e+02,5.038177490234375000e+02,5.183739624023437500e+02
4.210000000000000000e+02,-5.013430404663085938e+01,4.247088012695312500e+02,3.972268371582031250e+02,4.481977539062500000e+02,4.146321411132812500e+02,4.250845031738281250e+02
2.039999999999999716e+02,-1.770270996093750000e+02,2.048694458007812500e+02,1.918334197998046875e+02,2.526503143310546875e+02,1.851730804443359375e+02,2.065943145751953125e+02
-1.230000000000000000e+02,-2.291235961914062500e+02,-4.184473037719726562e+01,-7.632177734375000000e+01,-2.234381675720214844e+01,-1.075877532958984375e+02,-7.676758575439453125e+01
-3.670000000000000000e+02,-1.942210388183593750e+02,-2.609281616210937500e+02,-3.219073181152343750e+02,-2.942406311035156250e+02,-3.503186950683593750e+02,-3.303239440917968750e+02
-3.750000000000000000e+02,-1.091357574462890625e+02,-3.879766540527343750e+02,-3.971178588867187500e+02,-4.247310791015625000e+02,-4.351660156250000000e+02,-4.158814086914062500e+02
-2.430000000000000000e+02,1.354879665374755859e+01,-3.841294555664062500e+02,-3.549380798339843750e+02,-4.015175781250000000e+02,-3.819765625000000000e+02,-3.699534912109375000e+02
-6.940000000000000568e+01,1.042239608764648438e+02,-2.352916717529296875e+02,-1.735727081298828125e+02,-2.243255157470703125e+02,-1.949907073974609375e+02,-1.802178649902343750e+02
-1.200000000000000178e+01,1.066022033691406250e+02,-5.083008575439453125e+01,1.604086875915527344e+01,-2.316125106811523438e+01,-7.634868144989013672e+00,2.182649803161621094e+01
-3.479999999999999716e+01,5.817125320434570312e+01,1.920282936096191406e+01,1.197932624816894531e+01,2.206724357604980469e+01,1.273367023468017578e+01,3.525279998779296875e+01
-4.820000000000008278e+00,-7.656371116638183594e+00,2.318825912475585938e+01,-1.713146018981933594e+01,1.756766128540039062e+01,-1.050570392608642578e+01,3.989599943161010742e+00
1.120000000000000142e+02,-2.815384101867675781e+01,8.290676116943359375e+01,5.933418655395507812e+01,9.297017669677734375e+01,5.088256835937500000e+01,7.002133178710937500e+01
2.610000000000000568e+02,-1.944540405273437500e+01,1.913485412597656250e+02,1.572609252929687500e+02,1.865966949462890625e+02,1.432058715820312500e+02,1.670733947753906250e+02
3.090000000000000000e+02,-3.050435829162597656e+01,2.549230957031250000e+02,2.047478637695312500e+02,2.189313964843750000e+02,1.866095123291015625e+02,2.179219207763671875e+02
1.769999999999999574e+01,-7.620744323730468750e+01,1.639787750244140625e+02,8.003342437744140625e+01,9.012116241455078125e+01,6.797463226318359375e+01,1.010404281616210938e+02
-3.270000000000000000e+02,-1.322807769775390625e+02,-5.927786636352539062e+01,-1.334756927490234375e+02,-1.422057952880859375e+02,-1.525137939453125000e+02,-1.180515441894531250e+02
-4.990000000000000000e+02,-1.490211486816406250e+02,-3.121049804687500000e+02,-3.404917602539062500e+02,-3.670559387207031250e+02,-3.676855163574218750e+02,-3.362224426269531250e+02
-3.120000000000000000e+02,-4.201570510864257812e+01,-3.836507568359375000e+02,-3.733865661621093750e+02,-3.872013244628906250e+02,-3.770671386718750000e+02,-3.701414489746093750e+02
6.260000000000000853e+01,8.949277496337890625e+01,-1.806806488037109375e+02,-6.787709808349609375e+01,-1.003219070434570312e+02,-8.539301300048828125e+01,-7.419005584716796875e+01
3.789999999999999432e+02,1.497435150146484375e+02,1.428138122558593750e+02,2.982921142578125000e+02,2.698235168457031250e+02,2.675563049316406250e+02,2.972597961425781250e+02
3.640000000000000000e+02,8.402692413330078125e+01,2.769409790039062500e+02,3.246922912597656250e+02,3.442896118164062500e+02,3.135909118652343750e+02,3.480913391113281250e+02
1.260000000000000142e+02,-5.986591339111328125e+01,1.480899658203125000e+02,7.537299346923828125e+01,1.258753662109375000e+02,8.506166839599609375e+01,1.049608764648437500e+02
-1.600000000000000000e+02,-1.768958282470703125e+02,-1.110159149169921875e+02,-1.901683044433593750e+02,-1.715313720703125000e+02,-2.070376739501953125e+02,-1.868913116455078125e+02
-3.979999999999999432e+02,-1.701385955810546875e+02,-2.826086425781250000e+02,-3.479894714355468750e+02,-3.491264953613281250e+02,-3.745099182128906250e+02,-3.574742736816406250e+02
-4.530000000000000000e+02,-8.111286163330078125e+01,-3.005295104980468750e+02,-3.754190368652343750e+02,-3.746294555664062500e+02,-3.867193298339843750e+02,-3.790161743164062500e+02
-2.910000000000000000e+02,2.757905769348144531e+01,-1.564274291992187500e+02,-2.265650634765625000e+02,-2.250527648925781250e+02,-2.269833679199218750e+02,-2.210795288085937500e+02
2.089999999999999147e+01,1.153730239868164062e+02,1.054475173950195312e+02,5.625226211547851562e+01,6.109329986572265625e+01,6.130555725097656250e+01,7.144448852539062500e+01
3.370000000000000000e+02,1.355719451904296875e+02,3.297790832519531250e+02,3.061657714843750000e+02,3.174992370605468750e+02,3.128084716796875000e+02,3.285431823730468750e+02
4.730000000000000000e+02,7.627069854736328125e+01,4.122261962890625000e+02,4.224486389160156250e+02,4.331476135253906250e+02,4.250820922851562500e+02,4.446909179687500000e+02
3.450000000000000000e+02,-4.068846130371093750e+01,2.899767456054687500e+02,3.493187255859375000e+02,3.573001708984375000e+02,3.431697998046875000e+02,3.666473388671875000e+02
5.640000000000001990e+01,-1.615317535400390625e+02,-1.076748657226562500e+01,6.479409790039062500e+01,7.619570159912109375e+01,4.925711059570312500e+01,7.273307037353515625e+01
-2.430000000000000000e+02,-2.142572479248046875e+02,-3.006822509765625000e+02,-2.690692138671875000e+02,-2.587544860839843750e+02,-2.909612121582031250e+02,-2.761410522460937500e+02
-3.879999999999999432e+02,-1.646198577880859375e+02,-4.163364562988281250e+02,-4.340331726074218750e+02,-4.364385070800781250e+02,-4.589956970214843750e+02,-4.520946044921875000e+02
-3.260000000000000000e+02,-5.295557022094726562e+01,-3.752703552246093750e+02,-4.059262695312500000e+02,-4.210884704589843750e+02,-4.315252990722656250e+02,-4.249046020507812500e+02
-1.910000000000000000e+02,5.858763885498046875e+01,-2.334775085449218750e+02,-2.790462036132812500e+02,-2.824491882324218750e+02,-2.884943237304687500e+02,-2.826195678710937500e+02
-8.479999999999999716e+01,1.120072174072265625e+02,-4.657641983032226562e+01,-1.148475418090820312e+02,-9.787577056884765625e+01,-1.063801498413085938e+02,-9.826317596435546875e+01
1.810000000000008491e+00,8.912136077880859375e+01,1.030919494628906250e+02,4.167049026489257812e+01,6.053368377685546875e+01,5.007040405273437500e+01,6.786412811279296875e+01
1.940000000000000213e+01,3.898404693603515625e+01,1.521496429443359375e+02,9.761296844482421875e+01,1.206285858154296875e+02,1.093178024291992188e+02,1.254717788696289062e+02
5.700000000000001421e+01,-1.858109474182128906e+00,1.546240844726562500e+02,1.263989868164062500e+02,1.483925781250000000e+02,1.395800781250000000e+02,1.473853149414062500e+02
1.980000000000000000e+02,-3.289707183837890625e+01,1.852864379882812500e+02,2.164417114257812500e+02,2.145716400146484375e+02,2.075179901123046875e+02,2.232973785400390625e+02
3.340000000000000000e+02,-3.995096588134765625e+01,2.230870361328125000e+02,2.547862701416015625e+02,2.493260650634765625e+02,2.415286254882812500e+02,2.604229736328125000e+02
3.300000000000000568e+02,-5.547016906738281250e+01,2.043288421630859375e+02,2.091209411621093750e+02,2.070506286621093750e+02,1.977343292236328125e+02,2.166205596923828125e+02
1.420000000000000000e+02,-1.069436798095703125e+02,6.355220413208007812e+01,7.708091735839843750e+01,6.424768066406250000e+01,4.592387771606445312e+01,7.791082000732421875e+01
-1.970000000000000000e+02,-1.588029785156250000e+02,-2.194467163085937500e+02,-2.215415344238281250e+02,-2.201224365234375000e+02,-2.580947265625000000e+02,-2.241077575683593750e+02
-5.180000000000000000e+02,-1.608533630371093750e+02,-4.997044067382812500e+02,-5.293137207031250000e+02,-5.059394226074218750e+02,-5.494092407226562500e+02,-5.337678833007812500e+02
-6.210000000000000000e+02,-8.754574584960937500e+01,-5.936293945312500000e+02,-6.139298706054687500e+02,-6.004891357421875000e+02,-6.280963745117187500e+02,-6.207752685546875000e+02
-4.460000000000000000e+02,4.165275192260742188e+01,-4.481339416503906250e+02,-4.540462341308593750e+02,-4.599409179687500000e+02,-4.630761413574218750e+02,-4.572000122070312500e+02
-1.350000000000000000e+02,1.584153137207031250e+02,-1.089407653808593750e+02,-1.260037307739257812e+02,-1.325673675537109375e+02,-1.202509918212890625e+02,-1.145880661010742188e+02
2.300000000000000568e+02,1.957062835693359375e+02,2.719408569335937500e+02,2.374548034667968750e+02,2.405081176757812500e+02,2.494692840576171875e+02,2.608623352050781250e+02
5.020000000000000000e+02,1.328219299316406250e+02,5.150118408203125000e+02,4.796676635742187500e+02,4.810108947753906250e+02,4.838971252441406250e+02,5.041623535156250000e+02
5.040000000000000000e+02,1.784319877624511719e+01,5.479978637695312500e+02,5.077970581054687500e+02,5.146580810546875000e+02,5.127019653320312500e+02,5.339744873046875000e+02
2.999999999999999432e+02,-1.214532318115234375e+02,3.729658203125000000e+02,3.475438232421875000e+02,3.595615234375000000e+02,3.436998901367187500e+02,3.686275024414062500e+02
6.310000000000000853e+01,-2.219274291992187500e+02,6.734735870361328125e+01,7.800975799560546875e+01,8.722224426269531250e+01,4.412835693359375000e+01,8.209905242919921875e+01
-1.350000000000000000e+02,-2.256806182861328125e+02,-2.278665924072265625e+02,-2.356175079345703125e+02,-2.051524353027343750e+02,-2.659441528320312500e+02,-2.361084594726562500e+02
-2.740000000000000000e+02,-1.474354858398437500e+02,-3.914531860351562500e+02,-3.859730529785156250e+02,-3.606014404296875000e+02,-4.143219604492187500e+02,-3.909566345214843750e+02
-3.640000000000000000e+02,-5.478013992309570312e+01,-4.353114318847656250e+02,-3.949728088378906250e+02,-3.981290283203125000e+02,-4.355112915039062500e+02,-4.050455017089843750e+02
-4.430000000000000000e+02,1.814157676696777344e+01,-4.252040405273437500e+02,-4.192025756835937500e+02,-4.263115539550781250e+02,-4.476731262207031250e+02,-4.245379943847656250e+02
-3.680000000000000000e+02,6.971920013427734375e+01,-3.351992187500000000e+02,-3.664859924316406250e+02,-3.792116394042968750e+02,-3.778320922851562500e+02,-3.673584899902343750e+02
-1.620000000000000000e+02,1.030907592773437500e+02,-1.348124542236328125e+02,-1.515779113769531250e+02,-1.790209045410156250e+02,-1.615049285888671875e+02,-1.509275512695312500e+02
9.700000000000001421e+01,1.317798461914062500e+02,1.398808288574218750e+02,1.408474578857421875e+02,1.229286041259765625e+02,1.379798431396484375e+02,1.496414794921875000e+02
3.520000000000000000e+02,1.045479965209960938e+02,3.653012084960937500e+02,3.730346984863281250e+02,3.696457519531250000e+02,3.741405944824218750e+02,3.899222106933593750e+02
4.780000000000000568e+02,2.803399276733398438e+01,4.657563781738281250e+02,4.487051696777343750e+02,4.602969970703125000e+02,4.552319335937500000e+02,4.724018249511718750e+02
4.150000000000000000e+02,-7.059966278076171875e+01,4.352825317382812500e+02,3.840473632812500000e+02,4.053034667968750000e+02,3.890018920898437500e+02,4.097911376953125000e+02
2.550000000000000000e+02,-1.653565063476562500e+02,2.533559265136718750e+02,2.058996582031250000e+02,2.213905944824218750e+02,1.879463348388671875e+02,2.239647979736328125e+02
-3.890000000000000568e+01,-2.146354675292968750e+02,-7.973396301269531250e+01,-1.206833648681640625e+02,-9.730281829833984375e+01,-1.471031799316406250e+02,-1.093216171264648438e+02
-3.650000000000000000e+02,-1.926381072998046875e+02,-3.927304992675781250e+02,-4.031087951660156250e+02,-3.835943603515625000e+02,-4.283964233398437500e+02,-4.042491149902343750e+02
-5.650000000000000000e+02,-1.277660598754882812e+02,-5.615513305664062500e+02,-5.239039306640625000e+02,-5.343151245117187500e+02,-5.619468383789062500e+02,-5.405626220703125000e+02
-6.200000000000000000e+02,-1.765851402282714844e+01,-5.684286499023437500e+02,-5.364034423828125000e+02,-5.560403442382812500e+02,-5.624602661132812500e+02,-5.544126586914062500e+02
-4.450000000000000000e+02,1.036229629516601562e+02,-3.882543640136718750e+02,-3.818681640625000000e+02,-4.067438659667968750e+02,-3.876116027832031250e+02,-3.938985595703125000e+02
-6.820000000000000284e+01,1.749743652343750000e+02,-4.065248489379882812e+01,-2.445821762084960938e+01,-5.937240600585937500e+01,-2.797157859802246094e+01,-2.839311027526855469e+01
3.640000000000000000e+02,1.942230987548828125e+02,3.321676330566406250e+02,3.512322387695312500e+02,3.338542480468750000e+02,3.522833862304687500e+02,3.631367492675781250e+02
7.030000000000000000e+02,1.327520751953125000e+02,5.494146728515625000e+02,5.525465698242187500e+02,5.579532470703125000e+02,5.611328125000000000e+02,5.764926147460937500e+02
7.540000000000000000e+02,-7.546378135681152344e+00,5.545061645507812500e+02,5.386865234375000000e+02,5.601365356445312500e+02,5.476613769531250000e+02,5.663423461914062500e+02
3.910000000000000000e+02,-1.719613342285156250e+02,3.426790466308593750e+02,2.971106262207031250e+02,3.353397521972656250e+02,2.917500915527343750e+02,3.210954284667968750e+02
-2.089999999999999716e+02,-2.961979370117187500e+02,-6.516313934326171875e+01,-1.465483245849609375e+02,-1.045752563476562500e+02,-1.798956298828125000e+02,-1.378045959472656250e+02
-7.210000000000000000e+02,-3.169684143066406250e+02,-4.965318298339843750e+02,-6.038372802734375000e+02,-5.717874755859375000e+02,-6.291187133789062500e+02,-6.067455444335937500e+02
-8.000000000000000000e+02,-1.835640411376953125e+02,-6.846950073242187500e+02,-7.613516845703125000e+02,-7.565612792968750000e+02,-7.684628906250000000e+02,-7.701828613281250000e+02
-5.110000000000000000e+02,4.605495834350585938e+01,-5.700507812500000000e+02,-5.617046508789062500e+02,-6.020273437500000000e+02,-5.704057006835937500e+02,-5.831665649414062500e+02
-8.379999999999999716e+01,2.271182861328125000e+02,-1.774593048095703125e+02,-8.029592895507812500e+01,-1.453325500488281250e+02,-9.817552947998046875e+01,-1.067748184204101562e+02
2.720000000000000000e+02,2.549778747558593750e+02,2.672919616699218750e+02,3.474394531250000000e+02,3.125144042968750000e+02,3.305816345214843750e+02,3.452335205078125000e+02
4.320000000000000000e+02,1.571428222656250000e+02,4.647246093750000000e+02,4.697373657226562500e+02,4.802897644042968750e+02,4.756109313964843750e+02,4.943294982910156250e+02
4.420000000000000000e+02,-2.222939252853393555e+00,4.126390686035156250e+02,4.071523742675781250e+02,4.350597839355468750e+02,4.202015686035156250e+02,4.332878112792968750e+02
3.560000000000000000e+02,-1.347198181152343750e+02,2.474398651123046875e+02,2.908935546875000000e+02,3.120189819335937500e+02,2.753089599609375000e+02,2.996788330078125000e+02
1.660000000000000000e+02,-1.980764770507812500e+02,4.245527648925781250e+01,3.787426757812500000e+01,8.071469116210937500e+01,2.013640213012695312e+01,4.769102859497070312e+01
-5.310000000000000142e+01,-2.021993560791015625e+02,-1.318361053466796875e+02,-2.085374603271484375e+02,-1.706860504150390625e+02,-2.267740631103515625e+02,-1.997051086425781250e+02
-3.280000000000000000e+02,-1.656049804687500000e+02,-2.822907409667968750e+02,-3.748278198242187500e+02,-3.693088378906250000e+02,-4.030909118652343750e+02,-3.710833435058593750e+02
-6.190000000000000000e+02,-9.563690185546875000e+01,-4.284212646484375000e+02,-5.228698120117187500e+02,-5.239786987304687500e+02,-5.362525024414062500e+02,-5.153675537109375000e+02
-7.069999999999998863e+02,-1.294412803649902344e+01,-4.774874877929687500e+02,-5.436355590820312500e+02,-5.539044799804687500e+02,-5.480130615234375000e+02,-5.354828491210937500e+02
-4.290000000000000568e+02,8.994779205322265625e+01,-3.512123413085937500e+02,-3.712251892089843750e+02,-3.888388366699218750e+02,-3.721506347656250000e+02,-3.631130676269531250e+02
1.590000000000000000e+02,1.946033172607421875e+02,-4.578610897064208984e+00,4.979090118408203125e+01,2.885914802551269531e+01,4.414196395874023438e+01,5.967058563232421875e+01
5.980000000000001137e+02,2.236074981689453125e+02,4.094594421386718750e+02,5.086729736328125000e+02,4.917368469238281250e+02,4.949352111816406250e+02,5.243625488281250000e+02
6.310000000000001137e+02,1.267543945312500000e+02,6.114764404296875000e+02,6.721117553710937500e+02,6.726116943359375000e+02,6.648822021484375000e+02,6.996278076171875000e+02
4.279999999999999432e+02,-9.344725799560546875e+01,4.956755371093750000e+02,4.895663757324218750e+02,5.064355773925781250e+02,4.811343688964843750e+02,5.259165039062500000e+02
1.220000000000000142e+02,-2.653826904296875000e+02,1.061894454956054688e+02,1.136731052398681641e+01,6.198644256591796875e+01,9.831168055534362793e-01,3.908594131469726562e+01
-1.050000000000000000e+02,-2.775631408691406250e+02,-2.212207336425781250e+02,-3.074595642089843750e+02,-2.580797119140625000e+02,-3.292841491699218750e+02,-3.045768737792968750e+02
-2.960000000000000000e+02,-1.890202789306640625e+02,-3.641141967773437500e+02,-3.638233032226562500e+02,-3.654145507812500000e+02,-4.145801696777343750e+02,-3.796643371582031250e+02
-5.950000000000000000e+02,-7.715913391113281250e+01,-4.629863281250000000e+02,-4.762711181640625000e+02,-4.789360046386718750e+02,-5.020018310546875000e+02,-4.793803405761718750e+02
-7.570000000000000000e+02,5.342294692993164062e+00,-5.041044921875000000e+02,-5.736305541992187500e+02,-5.690026855468750000e+02,-5.667871704101562500e+02,-5.655837402343750000e+02
-5.400000000000000000e+02,7.811290740966796875e+01,-3.775998840332031250e+02,-4.451330261230468750e+02,-4.615840759277343750e+02,-4.357158203125000000e+02,-4.380477905273437500e+02
1.960000000000000142e+01,1.858073883056640625e+02,-2.507901191711425781e+01,-4.020521545410156250e+01,-6.763558197021484375e+01,-3.623634719848632812e+01,-3.556884765625000000e+01
5.280000000000000000e+02,2.409836425781250000e+02,4.064979248046875000e+02,4.629157714843750000e+02,4.421806335449218750e+02,4.580345153808593750e+02,4.716806030273437500e+02
7.220000000000000000e+02,1.663432464599609375e+02,6.395200195312500000e+02,7.048209838867187500e+02,7.021071166992187500e+02,7.030716552734375000e+02,7.244998168945312500e+02
6.010000000000000000e+02,-4.056046676635742188e+01,5.889551391601562500e+02,6.080404663085937500e+02,6.271981201171875000e+02,6.103756713867187500e+02,6.383552856445312500e+02
2.309999999999999716e+02,-2.374791412353515625e+02,2.808209533691406250e+02,2.087848052978515625e+02,2.630153198242187500e+02,2.035758361816406250e+02,2.329049377441406250e+02
-2.010000000000000000e+02,-3.095932312011718750e+02,-1.054082107543945312e+02,-2.041264038085937500e+02,-1.464927978515625000e+02,-2.338758239746093750e+02,-2.072376403808593750e+02
-4.800000000000000000e+02,-2.549376678466796875e+02,-3.735856628417968750e+02,-4.075916748046875000e+02,-3.916080932617187500e+02,-4.576097412109375000e+02,-4.263173828125000000e+02
-5.620000000000000000e+02,-1.191877670288085938e+02,-5.290216674804687500e+02,-5.497755126953125000e+02,-5.368939208984375000e+02,-5.679610595703125000e+02,-5.541735839843750000e+02
-3.430000000000000000e+02,4.211673736572265625e+01,-5.038966369628906250e+02,-5.207206420898437500e+02,-5.123536987304687500e+02,-5.105024108886718750e+02,-5.145008544921875000e+02
-6.570000000000000284e+01,1.444368591308593750e+02,-2.592838439941406250e+02,-2.313753051757812500e+02,-2.621197814941406250e+02,-2.364816284179687500e+02,-2.305616149902343750e+02
-1.309999999999999432e+01,1.735238189697265625e+02,4.955470275878906250e+01,6.854103088378906250e+01,3.381817245483398438e+01,5.447541046142578125e+01,7.316112518310546875e+01
-7.040000000000000568e+01,9.547304534912109375e+01,1.749991912841796875e+02,1.468473205566406250e+02,1.355936279296875000e+02,1.437242279052734375e+02,1.640231628417968750e+02
-4.700000000000000000e+01,-9.490736007690429688e+00,1.190109710693359375e+02,6.638665008544921875e+01,7.118942260742187500e+01,7.690505218505859375e+01,8.260929870605468750e+01
1.889999999999999716e+02,-3.010841369628906250e+01,1.534628448486328125e+02,1.195006484985351562e+02,1.245454406738281250e+02,1.241629028320312500e+02,1.205288391113281250e+02
3.950000000000000000e+02,-5.178092002868652344e+00,3.471739807128906250e+02,3.689456787109375000e+02,3.535410766601562500e+02,3.417961120605468750e+02,3.554545593261718750e+02
3.440000000000000000e+02,-1.408060264587402344e+01,4.547379760742187500e+02,4.492325744628906250e+02,4.533163452148437500e+02,4.244052429199218750e+02,4.500522766113281250e+02
9.280000000000001137e+01,-1.064389114379882812e+02,2.992446899414062500e+02,2.151644439697265625e+02,2.622286071777343750e+02,2.068335876464843750e+02,2.361453094482421875e+02
-1.560000000000000000e+02,-1.859328308105468750e+02,-6.240391921997070312e+01,-1.422396697998046875e+02,-8.455915832519531250e+01,-1.465227966308593750e+02,-1.232814025878906250e+02
-2.470000000000000000e+02,-1.644661254882812500e+02,-3.576622619628906250e+02,-3.546446533203125000e+02,-3.243194274902343750e+02,-3.635930786132812500e+02,-3.467520446777343750e+02
-1.650000000000000000e+02,-6.627481079101562500e+01,-4.390754089355468750e+02,-3.500073547363281250e+02,-3.665500183105468750e+02,-3.735628356933593750e+02,-3.533439636230468750e+02
-1.340000000000000000e+02,2.634331130981445312e+01,-3.913885192871093750e+02,-2.912443237304687500e+02,-3.304533081054687500e+02,-3.184382934570312500e+02,-2.984915466308593750e+02
-2.670000000000000000e+02,5.980251693725585938e+01,-2.859747314453125000e+02,-2.539196166992187500e+02,-2.917411804199218750e+02,-2.743929138183593750e+02,-2.594644470214843750e+02
-3.610000000000000000e+02,2.959605026245117188e+01,-1.754656829833984375e+02,-2.260583038330078125e+02,-2.663404235839843750e+02,-2.482652435302734375e+02,-2.316524658203125000e+02
-3.220000000000000000e+02,1.739979743957519531e+01,-8.039170837402343750e+01,-2.089514312744140625e+02,-2.322597808837890625e+02,-2.188220367431640625e+02,-2.124532165527343750e+02
-8.150000000000000000e+01,6.696389007568359375e+01,1.041153945922851562e+02,-1.834236335754394531e+01,-1.948143386840820312e+01,-1.605034828186035156e+01,-1.997617340087890625e+01
3.389999999999999432e+02,1.016376571655273438e+02,3.669655456542968750e+02,3.477736511230468750e+02,3.509135742187500000e+02,3.363104858398437500e+02,3.487272644042968750e+02
6.250000000000000000e+02,8.748847198486328125e+01,5.606793212890625000e+02,5.756024169921875000e+02,5.993099365234375000e+02,5.665031127929687500e+02,5.904909667968750000e+02
6.370000000000000000e+02,-3.343231678009033203e+00,5.690806274414062500e+02,5.393151855468750000e+02,5.984536743164062500e+02,5.471770629882812500e+02,5.728493041992187500e+02
4.800000000000000000e+02,-1.620669860839843750e+02,3.269261474609375000e+02,2.918885192871093750e+02,3.485694274902343750e+02,2.840391235351562500e+02,3.259659729003906250e+02
7.509999999999999432e+01,-2.674743041992187500e+02,-1.331951904296875000e+02,-1.331636810302734375e+02,-1.128507080078125000e+02,-1.692623596191406250e+02,-1.179368591308593750e+02
-5.470000000000000000e+02,-2.766997375488281250e+02,-5.748995971679687500e+02,-5.771186523437500000e+02,-5.814092407226562500e+02,-6.057365112304687500e+02,-5.824309692382812500e+02
-9.930000000000000000e+02,-2.120374145507812500e+02,-7.974591674804687500e+02,-7.833498535156250000e+02,-8.278212280273437500e+02,-8.203222656250000000e+02,-8.089033813476562500e+02
-1.070000000000000000e+03,-5.996390914916992188e+01,-8.000540771484375000e+02,-8.143087158203125000e+02,-8.674997558593750000e+02,-8.387572631835937500e+02,-8.444070434570312500e+02
-5.860000000000000000e+02,1.706420288085937500e+02,-5.229414062500000000e+02,-5.897581787109375000e+02,-6.291573486328125000e+02,-5.825161132812500000e+02,-6.169197998046875000e+02
2.560000000000000000e+02,3.175646972656250000e+02,1.129839935302734375e+02,8.897271728515625000e+01,5.561194610595703125e+01,9.347166442871093750e+01,7.345796966552734375e+01
8.480000000000000000e+02,3.372255249023437500e+02,7.006161499023437500e+02,7.091284179687500000e+02,7.055204467773437500e+02,7.094472045898437500e+02,7.253497924804687500e+02
9.150000000000000000e+02,1.834218139648437500e+02,8.737614135742187500e+02,8.481445312500000000e+02,8.726047363281250000e+02,8.606870117187500000e+02,8.845435791015625000e+02
6.190000000000000000e+02,-1.326236419677734375e+02,6.694005737304687500e+02,5.954460449218750000e+02,6.535217895507812500e+02,6.183056030273437500e+02,6.516535644531250000e+02
1.199999999999999858e+02,-3.564353027343750000e+02,1.452496490478515625e+02,3.988980102539062500e+01,1.248336791992187500e+02,3.633027267456054688e+01,8.320835876464843750e+01
-3.340000000000000000e+02,-3.767176818847656250e+02,-2.576917419433593750e+02,-3.454511108398437500e+02,-2.976826477050781250e+02,-3.911087341308593750e+02,-3.416566162109375000e+02
-5.100000000000000000e+02,-2.603211669921875000e+02,-4.769569396972656250e+02,-5.054995117187500000e+02,-5.265967407226562500e+02,-5.737624511718750000e+02,-5.308402099609375000e+02
-5.180000000000000000e+02,-7.704343414306640625e+01,-5.707434082031250000e+02,-5.723756713867187500e+02,-6.183635864257812500e+02,-6.227929077148437500e+02,-6.004237060546875000e+02
-4.040000000000000000e+02,9.214285278320312500e+01,-4.991996765136718750e+02,-4.831896667480468750e+02,-5.365387573242187500e+02,-5.135588989257812500e+02,-5.061652526855468750e+02
-2.340000000000000284e+02,1.549016113281250000e+02,-2.728364257812500000e+02,-2.310783233642578125e+02,-2.945200500488281250e+02,-2.667226562500000000e+02,-2.467862243652343750e+02
-1.000000000000000000e+02,1.582723999023437500e+02,-1.355721473693847656e+01,-6.641146659851074219e+00,-3.946448135375976562e+01,-3.195850563049316406e+01,-3.872396707534790039e+00
6.469999999999998863e+01,1.180890960693359375e+02,1.238410720825195312e+02,9.893389892578125000e+01,1.165365905761718750e+02,1.036369934082031250e+02,1.203261337280273438e+02
3.160000000000000000e+02,5.500212860107421875e+01,2.237439270019531250e+02,2.517167358398437500e+02,2.742213745117187500e+02,2.539118347167968750e+02,2.719464416503906250e+02
4.860000000000000000e+02,5.491667270660400391e+00,3.619157104492187500e+02,3.993929748535156250e+02,4.177223510742187500e+02,3.899688720703125000e+02,4.180461425781250000e+02
4.060000000000000000e+02,-5.742884445190429688e+01,4.318524780273437500e+02,3.925093994140625000e+02,4.238019409179687500e+02,3.854690551757812500e+02,4.203349304199218750e+02
1.050000000000000284e+02,-1.533104400634765625e+02,3.103796386718750000e+02,1.931942443847656250e+02,2.282753601074218750e+02,1.802159881591796875e+02,2.267278594970703125e+02
-2.110000000000000000e+02,-2.183735504150390625e+02,-1.445524215698242188e+01,-1.468012237548828125e+02,-1.236177520751953125e+02,-1.650038146972656250e+02,-1.175921859741210938e+02
-3.820000000000000000e+02,-1.881460876464843750e+02,-3.371627807617187500e+02,-3.845514221191406250e+02,-3.899454040527343750e+02,-4.015837097167968750e+02,-3.678510131835937500e+02
-4.000000000000000000e+02,-7.230171203613281250e+01,-4.630853271484375000e+02,-4.034401245117187500e+02,-4.400964355468750000e+02,-4.192938537597656250e+02,-3.961763000488281250e+02
-2.880000000000000000e+02,4.684709548950195312e+01,-3.861624450683593750e+02,-2.622146606445312500e+02,-3.145242919921875000e+02,-2.785242004394531250e+02,-2.565545043945312500e+02
-1.090000000000000000e+02,1.094891510009765625e+02,-2.032295379638671875e+02,-8.989099884033203125e+01,-1.243241043090820312e+02,-9.977161407470703125e+01,-7.680564880371093750e+01
9.370000000000000284e+01,1.165882568359375000e+02,-1.416758632659912109e+01,2.566050338745117188e+01,3.311263275146484375e+01,3.372302627563476562e+01,4.841785430908203125e+01
2.529999999999999432e+02,7.515191650390625000e+01,1.513365325927734375e+02,1.596720123291015625e+02,1.797239532470703125e+02,1.642282104492187500e+02,1.797112121582031250e+02
2.500000000000000568e+02,8.922307014465332031e+00,2.293220214843750000e+02,2.297080535888671875e+02,2.499546661376953125e+02,2.237500457763671875e+02,2.459552154541015625e+02
1.140000000000000000e+02,-6.926133728027343750e+01,1.610342407226562500e+02,1.120597152709960938e+02,1.444069671630859375e+02,1.120540695190429688e+02,1.296956329345703125e+02
-8.729999999999999716e+01,-1.306149139404296875e+02,2.920087814331054688e+01,-6.156185531616210938e+01,-4.075641632080078125e+01,-6.634193420410156250e+01,-5.293986892700195312e+01
-2.170000000000000000e+02,-1.284442291259765625e+02,-6.274884414672851562e+01,-1.719833831787109375e+02,-1.656142578125000000e+02,-1.793928527832031250e+02,-1.678526458740234375e+02
-1.590000000000000000e+02,-7.504721832275390625e+01,-9.101026153564453125e+01,-1.714086608886718750e+02,-1.743065185546875000e+02,-1.782331695556640625e+02,-1.649853668212890625e+02
