1.679999999999999896e-02,3.055054228752851486e-03,-8.849413716234266758e-04,4.871495999395847321e-03,8.441196754574775696e-03,5.602650810033082962e-03,3.224190324544906616e-03
-3.229999999999998931e-03,-3.749046474695205688e-03,-1.795709505677223206e-02,-2.215036936104297638e-02,-2.167914062738418579e-02,-2.612616866827011108e-02,-2.560742013156414032e-02
-3.309999999999999748e-02,-1.200899016112089157e-02,-3.329496085643768311e-02,-4.284377396106719971e-02,-4.717317968606948853e-02,-4.838157072663307190e-02,-4.714737460017204285e-02
-6.360000000000000375e-02,-1.026905421167612076e-02,-3.024654276669025421e-02,-3.797512874007225037e-02,-4.463075846433639526e-02,-4.246326535940170288e-02,-4.213401302695274353e-02
-5.940000000000000141e-02,-3.798185614868998528e-03,-1.099910400807857513e-02,-1.813171617686748505e-02,-2.471937984228134155e-02,-2.211697772145271301e-02,-2.101401425898075104e-02
-1.119999999999999989e-02,5.142426583915948868e-03,7.240708451718091965e-03,4.379992897156625986e-04,-2.685679588466882706e-03,-1.728883944451808929e-03,5.423285765573382378e-04
5.020000000000000157e-02,9.879082441329956055e-03,2.856920845806598663e-02,3.079095110297203064e-02,3.327159211039543152e-02,3.246984258294105530e-02,3.414038568735122681e-02
5.819999999999999479e-02,1.341759227216243744e-02,3.974818438291549683e-02,4.470392689108848572e-02,4.726120084524154663e-02,4.665479436516761780e-02,4.826390743255615234e-02
3.429999999999999716e-02,1.713196747004985809e-02,4.018978774547576904e-02,4.594289138913154602e-02,4.920728504657745361e-02,4.758146405220031738e-02,5.052711814641952515e-02
2.639999999999999986e-02,1.117478590458631516e-02,2.390588819980621338e-02,2.926326356828212738e-02,3.430180996656417847e-02,2.970996312797069550e-02,3.539676219224929810e-02
1.689999999999999836e-02,-1.502682734280824661e-02,-1.378723978996276855e-02,-9.182691574096679688e-03,-3.857578150928020477e-03,-1.123785134404897690e-02,-3.461022861301898956e-03
-1.529999999999999763e-02,-3.675068169832229614e-02,-3.792410716414451599e-02,-3.226090595126152039e-02,-2.999761141836643219e-02,-3.332381695508956909e-02,-2.875556610524654388e-02
-4.270000000000000878e-02,-2.302317693829536438e-02,-3.439286351203918457e-02,-3.323262184858322144e-02,-3.567156195640563965e-02,-3.549750149250030518e-02,-3.716950491070747375e-02
-4.240000000000000019e-02,-5.091480910778045654e-03,-3.149347007274627686e-02,-4.298016428947448730e-02,-4.705370590090751648e-02,-4.597402364015579224e-02,-4.927114024758338928e-02
-3.880000000000000809e-02,1.669962424784898758e-03,-2.486881799995899200e-02,-3.238151222467422485e-02,-3.518680483102798462e-02,-3.468653559684753418e-02,-3.627976030111312866e-02
-4.120000000000000051e-02,7.209068164229393005e-03,-6.445692852139472961e-03,2.961832506116479635e-04,1.924270414747297764e-03,8.021825924515724182e-04,8.056271472014486790e-04
-5.880000000000001545e-03,1.279282849282026291e-02,1.742840558290481567e-02,2.103026770055294037e-02,2.360568940639495850e-02,2.162560634315013885e-02,2.289104461669921875e-02
5.569999999999999951e-02,1.521544158458709717e-02,4.641732946038246155e-02,3.821543604135513306e-02,4.139636456966400146e-02,3.955491259694099426e-02,4.057905822992324829e-02
8.959999999999999909e-02,1.212704088538885117e-02,5.528176948428153992e-02,4.911125451326370239e-02,5.335336551070213318e-02,5.107869580388069153e-02,5.252448841929435730e-02
6.239999999999999714e-02,6.944259162992238998e-03,3.933392465114593506e-02,4.796535894274711609e-02,5.318139493465423584e-02,4.959417507052421570e-02,5.149572342634201050e-02
4.839999999999999684e-03,2.009131945669651031e-03,1.030672155320644379e-02,2.496368624269962311e-02,3.055124729871749878e-02,2.304375916719436646e-02,2.596916072070598602e-02
-4.250000000000000305e-02,-1.841302774846553802e-02,-1.875568553805351257e-02,-2.382837980985641479e-02,-2.288706786930561066e-02,-3.201813995838165283e-02,-2.890310063958168030e-02
-6.219999999999999835e-02,-3.859466314315795898e-02,-3.945752978324890137e-02,-5.267038941383361816e-02,-5.548451095819473267e-02,-5.773197486996650696e-02,-5.634427443146705627e-02
-5.179999999999999882e-02,-2.647749520838260651e-02,-2.540078386664390564e-02,-2.228522859513759613e-02,-2.502758055925369263e-02,-2.415217086672782898e-02,-2.757714129984378815e-02
-1.980000000000000510e-02,-1.601858763024210930e-03,-4.224400501698255539e-03,-5.933635868132114410e-03,-4.005679860711097717e-03,-6.658518686890602112e-03,-8.579464629292488098e-03
1.209999999999999964e-02,1.142029557377099991e-02,-1.334796287119388580e-02,-1.985775539651513100e-03,2.627248410135507584e-03,-4.068593028932809830e-03,2.754982560873031616e-04
2.589999999999999941e-02,1.738025248050689697e-02,1.620733877643942833e-03,1.739129982888698578e-02,2.122380398213863373e-02,1.309892628341913223e-02,1.983756199479103088e-02
2.040000000000000147e-02,1.876517571508884430e-02,3.046770580112934113e-02,2.885637804865837097e-02,3.102576173841953278e-02,2.618081122636795044e-02,3.162290528416633606e-02
1.830000000000000029e-02,1.283066626638174057e-02,4.453057423233985901e-02,3.048008866608142853e-02,3.024489991366863251e-02,2.797628566622734070e-02,3.167431429028511047e-02
1.679999999999999896e-02,-2.421976067125797272e-03,3.311559930443763733e-02,2.364650182425975800e-02,2.204426378011703491e-02,1.983000338077545166e-02,2.280439622700214386e-02
3.300000000000000849e-03,-1.586942188441753387e-02,5.690605845302343369e-03,1.445159688591957092e-02,1.442223228514194489e-02,1.008362695574760437e-02,1.295743323862552643e-02
-6.310000000000000504e-03,-1.776061020791530609e-02,-3.018771065399050713e-03,6.227471400052309036e-03,6.708386354148387909e-03,1.992016623262315989e-04,2.676263451576232910e-03
-1.510000000000000274e-03,-1.005476713180541992e-02,3.543890779837965965e-03,-4.925503395497798920e-03,-6.744280923157930374e-03,-1.394128985702991486e-02,-1.213664375245571136e-02
6.089999999999994073e-04,-4.818593617528676987e-03,-3.735585196409374475e-04,-1.382540445774793625e-02,-1.584262773394584656e-02,-2.236668020486831665e-02,-2.043494768440723419e-02
-1.660000000000000017e-02,-1.699825515970587730e-03,-1.976340077817440033e-02,-1.766636595129966736e-02,-1.932468451559543610e-02,-2.409651316702365875e-02,-2.188283205032348633e-02
-3.169999999999999901e-02,4.221453331410884857e-03,-3.170764446258544922e-02,-2.054477110505104065e-02,-2.300502732396125793e-02,-2.650007046759128571e-02,-2.344863303005695343e-02
-1.310000000000000227e-02,6.358440965414047241e-03,-2.265979908406734467e-02,-1.871962845325469971e-02,-2.273380011320114136e-02,-2.467166259884834290e-02,-2.088796533644199371e-02
7.400000000000000328e-03,4.018639679998159409e-03,1.551526831462979317e-03,-5.169579759240150452e-03,-1.003278326243162155e-02,-9.472460485994815826e-03,-6.808196660131216049e-03
1.310000000000000227e-02,4.117220640182495117e-03,2.118369005620479584e-02,1.587674580514431000e-02,1.134993694722652435e-02,1.204810850322246552e-02,1.384751126170158386e-02
2.410000000000000336e-02,6.941729225218296051e-03,2.798224985599517822e-02,2.200014516711235046e-02,1.670180819928646088e-02,1.568730920553207397e-02,1.866622827947139740e-02
2.199999999999999872e-02,7.645054720342159271e-03,2.622366696596145630e-02,1.475662738084793091e-02,1.078472565859556198e-02,6.089627277106046677e-03,1.220611575990915298e-02
-2.180000000000000947e-03,-9.669220307841897011e-04,2.134459465742111206e-02,1.280871219933032990e-02,6.670030299574136734e-03,-9.959448361769318581e-04,8.040972985327243805e-03
-1.949999999999999997e-02,-8.514682762324810028e-03,1.282049808651208878e-02,9.315358474850654602e-03,7.719700224697589874e-04,-7.551823277026414871e-03,2.437614137306809425e-03
-8.019999999999999352e-03,-8.010924793779850006e-03,8.240210590884089470e-04,-4.693605878856033087e-04,-8.912347257137298584e-03,-1.534982584416866302e-02,-6.237748079001903534e-03
1.160000000000000094e-02,-8.622288703918457031e-03,-6.565047428011894226e-03,-3.584004240110516548e-03,-8.144921623170375824e-03,-1.151094678789377213e-02,-4.680647514760494232e-03
7.750000000000000812e-03,-3.255076473578810692e-03,-9.460688568651676178e-03,-9.715021587908267975e-04,-1.983811846002936363e-03,-3.006970277056097984e-03,1.251794630661606789e-03
-7.779999999999999589e-03,5.288234446197748184e-03,-1.400429476052522659e-02,-7.840505801141262054e-03,-5.694815889000892639e-03,-5.318365059792995453e-03,-2.520638983696699142e-03
-2.579999999999999655e-02,7.650845684111118317e-03,-1.748427562415599823e-02,-1.770906150341033936e-02,-1.639530807733535767e-02,-1.400145795196294785e-02,-1.293309871107339859e-02
-2.549999999999999836e-02,3.234871895983815193e-03,-1.085727661848068237e-02,-1.498488616198301315e-02,-1.640501432120800018e-02,-1.114858034998178482e-02,-1.325171440839767456e-02
1.069999999999999944e-02,-1.309584127739071846e-03,7.116541732102632523e-03,3.808644833043217659e-03,2.621483989059925079e-03,8.609984070062637329e-03,3.751783631742000580e-03
4.070000000000000007e-02,2.922025159932672977e-04,1.855862140655517578e-02,1.348556950688362122e-02,1.432811934500932693e-02,1.828944310545921326e-02,1.359098870307207108e-02
1.250000000000000069e-02,4.114437848329544067e-03,2.262090705335140228e-02,1.750813610851764679e-02,2.045797929167747498e-02,2.052970789372920990e-02,1.757028885185718536e-02
-2.369999999999999538e-02,7.135304622352123260e-03,1.847575977444648743e-02,1.530234981328248978e-02,1.411187648773193359e-02,1.065479964017868042e-02,9.612302295863628387e-03
-1.169999999999999860e-02,4.135274328291416168e-03,5.494352895766496658e-03,1.645094132982194424e-03,-2.609271323308348656e-03,-8.860056288540363312e-03,-8.078624494373798370e-03
2.440000000000000155e-02,-9.571718052029609680e-03,-3.018383868038654327e-03,-7.731777615845203400e-03,-8.470103144645690918e-03,-1.356918178498744965e-02,-1.261286810040473938e-02
1.880000000000000074e-02,-1.404109783470630646e-02,3.532092785462737083e-03,5.797744728624820709e-03,9.349545463919639587e-03,7.886891253292560577e-03,6.504647899419069290e-03
-9.790000000000000091e-03,9.836458048084750772e-06,3.006658807862550020e-04,-2.049930160865187645e-03,3.245684085413813591e-03,5.175865255296230316e-03,8.516246452927589417e-04
-2.699999999999999623e-02,8.231984451413154602e-03,-1.604242436587810516e-02,-2.290571294724941254e-02,-1.833630725741386414e-02,-1.599891297519207001e-02,-2.023114822804927826e-02
-3.459999999999999881e-02,2.908553695306181908e-03,-2.383094467222690582e-02,-2.889358811080455780e-02,-2.934347093105316162e-02,-2.613303996622562408e-02,-2.906792983412742615e-02
-1.839999999999999622e-02,-4.957672208547592163e-03,-7.180684711784124374e-03,-3.722811117768287659e-03,-3.810154041275382042e-03,1.120146713219583035e-03,-3.122888039797544479e-03
1.750000000000000167e-02,3.370925842318683863e-04,1.396053005009889603e-02,1.642076112329959869e-02,1.598071120679378510e-02,1.835999265313148499e-02,1.449765544384717941e-02
3.860000000000000236e-02,6.767721381038427353e-03,2.173625491559505463e-02,2.170477434992790222e-02,2.085974626243114471e-02,2.140449173748493195e-02,1.898514665663242340e-02
3.150000000000000022e-02,8.871642872691154480e-03,2.013246901333332062e-02,2.274530380964279175e-02,2.335702441632747650e-02,2.125776000320911407e-02,2.107877656817436218e-02
8.909999999999999518e-03,8.390945382416248322e-03,8.853864856064319611e-03,1.169903390109539032e-02,1.352163869887590408e-02,8.316568098962306976e-03,9.730175137519836426e-03
-3.239999999999999391e-03,-9.241493535228073597e-04,-4.645433276891708374e-03,-9.844613261520862579e-03,-8.352234028279781342e-03,-1.532130874693393707e-02,-1.235592272132635117e-02
-1.260000000000000009e-02,-1.497669890522956848e-02,-1.259228866547346115e-02,-2.529948204755783081e-02,-2.733076363801956177e-02,-3.014676459133625031e-02,-2.666509896516799927e-02
-3.169999999999999901e-02,-1.388053409755229950e-02,-1.164488680660724640e-02,-1.928429864346981049e-02,-2.277298271656036377e-02,-2.270057611167430878e-02,-1.994034461677074432e-02
-3.830000000000000071e-02,-5.367720033973455429e-03,-7.488889154046773911e-03,-1.169649511575698853e-02,-1.580774597823619843e-02,-1.588026992976665497e-02,-1.274353545159101486e-02
-1.569999999999999868e-02,3.531436203047633171e-03,-3.224938642233610153e-03,-7.000159006565809250e-03,-1.000657770782709122e-02,-1.087234262377023697e-02,-6.960104685276746750e-03
2.939999999999999558e-02,7.378196809440851212e-03,6.912326905876398087e-03,1.024298556149005890e-02,1.079394482076168060e-02,9.744270704686641693e-03,1.318157184869050980e-02
4.590000000000000330e-02,7.749180775135755539e-03,1.640908047556877136e-02,2.425084635615348816e-02,2.649383619427680969e-02,2.560436725616455078e-02,2.809744887053966522e-02
6.360000000000000202e-03,1.023725420236587524e-02,2.023303322494029999e-02,2.629999443888664246e-02,2.856623940169811249e-02,2.678641676902770996e-02,2.955376170575618744e-02
-1.789999999999999925e-02,8.776359260082244873e-03,1.367270480841398239e-02,1.611874625086784363e-02,1.695735007524490356e-02,1.458246354013681412e-02,1.789975725114345551e-02
6.489999999999994038e-04,-3.492517396807670593e-03,-5.860308650881052017e-03,-4.965164232999086380e-03,-4.761475138366222382e-03,-9.492010809481143951e-03,-6.093389820307493210e-03
2.479999999999999913e-02,-1.825658604502677917e-02,-1.436497550457715988e-02,-9.632395580410957336e-03,-6.960660684853792191e-03,-1.314139366149902344e-02,-1.094195526093244553e-02
3.690000000000000138e-03,-1.484905462712049484e-02,1.525297760963439941e-03,5.193373188376426697e-03,4.413055721670389175e-03,2.008527051657438278e-03,2.069557784125208855e-03
-3.799999999999999906e-02,1.237362856045365334e-03,5.871458561159670353e-04,-1.141255721449851990e-02,-1.708867587149143219e-02,-1.632094010710716248e-02,-1.659115776419639587e-02
-4.139999999999999930e-02,7.332789245992898941e-03,-1.378333754837512970e-02,-2.899240702390670776e-02,-3.464619070291519165e-02,-3.482415527105331421e-02,-3.305613994598388672e-02
-3.370000000000000166e-03,1.451202435418963432e-03,-1.926110312342643738e-02,-2.608008682727813721e-02,-3.170908242464065552e-02,-2.998504973948001862e-02,-2.811272069811820984e-02
1.969999999999999876e-02,-1.442570122890174389e-03,1.451852614991366863e-03,7.580162025988101959e-03,6.879128515720367432e-03,8.635622449219226837e-03,8.685623295605182648e-03
2.980000000000000877e-03,5.583518650382757187e-03,2.050625532865524292e-02,2.228880301117897034e-02,2.096992731094360352e-02,2.143880352377891541e-02,2.139328792691230774e-02
-2.540000000000001024e-03,1.234902534633874893e-02,2.230464294552803040e-02,1.945514604449272156e-02,1.745491661131381989e-02,1.755420118570327759e-02,1.628666929900646210e-02
1.700000000000000122e-02,1.025502569973468781e-02,1.270531490445137024e-02,1.245066896080970764e-02,1.190860848873853683e-02,1.033049914985895157e-02,9.884455241262912750e-03
2.789999999999999772e-02,-5.001332610845565796e-03,5.428885575383901596e-03,8.591796271502971649e-03,1.187932491302490234e-02,9.010099805891513824e-03,9.082821197807788849e-03
1.400000000000000029e-02,-1.221433561295270920e-02,8.433653041720390320e-03,9.888977743685245514e-03,1.382895745337009430e-02,9.669132530689239502e-03,9.783294051885604858e-03
1.190000000000000519e-03,-2.768290694802999496e-03,3.025991609320044518e-03,-1.970779383555054665e-03,-1.812149886973202229e-03,-6.573172286152839661e-03,-7.037196774035692215e-03
-1.020000000000000073e-02,-2.210597274824976921e-03,-1.748832128942012787e-02,-2.455273270606994629e-02,-2.737061679363250732e-02,-3.079986572265625000e-02,-3.006734699010848999e-02
-3.459999999999999881e-02,-7.023723796010017395e-03,-3.004748933017253876e-02,-3.457040339708328247e-02,-3.781957551836967468e-02,-3.773920610547065735e-02,-3.694434463977813721e-02
-4.029999999999999555e-02,-3.248989349231123924e-03,-1.893257535994052887e-02,-2.109205536544322968e-02,-2.381165511906147003e-02,-2.043852023780345917e-02,-2.146959304809570312e-02
-1.909999999999999545e-02,2.395923482254147530e-03,-5.519571714103221893e-03,-1.096368115395307541e-02,-1.549097895622253418e-02,-1.074012741446495056e-02,-1.176325045526027679e-02
7.060000000000000303e-03,5.716404411941766739e-03,1.058760844171047211e-02,6.920731626451015472e-03,4.696717020124197006e-03,8.682919666171073914e-03,7.857271470129489899e-03
3.760000000000000148e-02,8.528443053364753723e-03,2.635257504880428314e-02,2.681251801550388336e-02,2.829439006745815277e-02,3.037603013217449188e-02,2.984370663762092590e-02
5.089999999999999386e-02,1.150920707732439041e-02,2.857655473053455353e-02,3.081670403480529785e-02,3.303508460521697998e-02,3.319943323731422424e-02,3.395428508520126343e-02
2.089999999999999844e-02,8.696715347468852997e-03,2.258954197168350220e-02,2.405418455600738525e-02,2.760129421949386597e-02,2.465932630002498627e-02,2.815303392708301544e-02
-1.949999999999999997e-02,-1.975751481950283051e-03,1.023638620972633362e-02,7.010540924966335297e-03,1.152190845459699631e-02,5.546935833990573883e-03,1.124409586191177368e-02
-3.109999999999999917e-02,-1.257219258695840836e-02,-1.020808797329664230e-02,-1.347094774246215820e-02,-1.180056575685739517e-02,-1.841961592435836792e-02,-1.258274540305137634e-02
-1.569999999999999868e-02,-2.038782276213169098e-02,-2.014051564037799835e-02,-1.960947364568710327e-02,-2.152803167700767517e-02,-2.502049319446086884e-02,-2.118143066763877869e-02
-1.970000000000000397e-03,-1.264627277851104736e-02,-6.254065316170454025e-03,-1.739208586513996124e-03,-2.964055398479104042e-03,-4.663097672164440155e-03,-4.183125216513872147e-03
9.029999999999999832e-03,2.715441165491938591e-03,-8.451690082438290119e-04,1.207781257107853889e-03,1.498797559179365635e-03,-9.973889973480254412e-05,-1.127727664425037801e-04
7.239999999999999908e-03,1.045012194663286209e-02,-9.781043976545333862e-03,-7.158621214330196381e-03,-6.777318660169839859e-03,-7.871298119425773621e-03,-6.935543380677700043e-03
-1.409999999999999795e-02,1.115495711565017700e-02,-1.166667882353067398e-02,-9.340590797364711761e-03,-1.039253827184438705e-02,-9.794616140425205231e-03,-9.282510727643966675e-03
-2.089999999999999844e-02,5.650667939335107803e-03,6.212382577359676361e-04,-3.602860262617468834e-03,-5.061530042439699173e-03,-1.408786745741963387e-03,-3.887146012857556343e-03
4.320000000000002007e-04,-4.637423553504049778e-04,1.293209660798311234e-02,2.435774775221943855e-03,-3.763718268601223826e-05,4.574947524815797806e-03,2.465798752382397652e-04
2.740000000000000421e-02,-3.298894735053181648e-03,1.759332232177257538e-02,1.322922389954328537e-02,1.291109155863523483e-02,1.428908854722976685e-02,1.104713138192892075e-02
2.879999999999999921e-02,-1.687736366875469685e-03,2.068066038191318512e-02,2.308065816760063171e-02,2.302455715835094452e-02,2.038644626736640930e-02,1.917285844683647156e-02
-2.109999999999999029e-03,3.582652425393462181e-03,1.726011373102664948e-02,1.871714927256107330e-02,1.642238907516002655e-02,1.013908628374338150e-02,1.135741733014583588e-02
-2.060000000000000372e-02,3.832103684544563293e-03,8.827380836009979248e-03,3.151261946186423302e-03,1.512473332695662975e-03,-7.540185470134019852e-03,-3.338207723572850227e-03
-2.860000000000000563e-03,-4.644730594009160995e-03,-4.755901172757148743e-03,-1.247538346797227859e-02,-1.210161019116640091e-02,-2.059891447424888611e-02,-1.536822598427534103e-02
9.339999999999999344e-03,-1.047748606652021408e-02,-1.221881248056888580e-02,-9.335600771009922028e-03,-7.286455016583204269e-03,-1.346189808100461960e-02,-9.787363000214099884e-03
-9.370000000000001592e-03,-5.042605102062225342e-03,-7.754975464195013046e-03,2.324921078979969025e-03,3.983870614320039749e-03,3.690654993988573551e-04,1.311923842877149582e-03
-2.369999999999999538e-02,4.783146549016237259e-03,-1.039820536971092224e-02,-4.956878721714019775e-03,-5.363682750612497330e-03,-4.372208379209041595e-03,-6.604904308915138245e-03
-1.140000000000000041e-02,8.186933584511280060e-03,-1.234423369169235229e-02,-1.293703448027372360e-02,-1.546508446335792542e-02,-1.087811682373285294e-02,-1.462433952838182449e-02
8.300000000000000086e-03,2.044647000730037689e-03,-3.382957074791193008e-03,-5.595420952886343002e-03,-8.088937029242515564e-03,-2.291642827913165092e-03,-5.440662615001201630e-03
2.299999999999999961e-02,-3.396851534489542246e-04,1.271079946309328079e-02,1.061227731406688690e-02,9.074131958186626434e-03,1.261287275701761246e-02,1.099257078021764755e-02
2.860000000000000389e-02,4.709138069301843643e-03,1.939840614795684814e-02,1.251842919737100601e-02,9.713031351566314697e-03,8.894626051187515259e-03,1.013894658535718918e-02
8.970000000000000542e-03,5.628653336316347122e-03,1.253108959645032883e-02,3.002751851454377174e-03,-1.297280505241360515e-05,-5.870498716831207275e-03,-7.673132349736988544e-04
-2.960000000000000131e-02,-1.908606063807383180e-04,3.344705619383603334e-04,-7.585059851408004761e-03,-1.009456068277359009e-02,-1.785429194569587708e-02,-1.095830276608467102e-02
-3.969999999999999918e-02,-5.808516405522823334e-03,-4.504710901528596878e-03,-1.097412779927253723e-02,-1.337172929197549820e-02,-2.013211138546466827e-02,-1.414888445287942886e-02
-9.679999999999997634e-03,-8.286748081445693970e-03,4.233334620948880911e-04,-5.020732525736093521e-03,-7.260409183800220490e-03,-1.129803899675607681e-02,-7.146787364035844803e-03
1.789999999999999925e-02,-4.987369291484355927e-03,1.079252269119024277e-02,1.186892017722129822e-02,1.154986582696437836e-02,1.058447267860174179e-02,1.230860874056816101e-02
2.500000000000000139e-02,3.358993679285049438e-03,1.417269278317689896e-02,2.144786715507507324e-02,2.268674410879611969e-02,2.440539747476577759e-02,2.373743802309036255e-02
2.539999999999999897e-02,1.086593791842460632e-02,4.523591604083776474e-03,1.413477212190628052e-02,1.595653034746646881e-02,2.215244062244892120e-02,1.768672838807106018e-02
1.550000000000000162e-02,1.017402112483978271e-02,-7.438901346176862717e-03,-1.237054122611880302e-03,-1.813886628951877356e-04,9.041242301464080811e-03,1.843213103711605072e-03
-1.510000000000000057e-02,-1.996554667130112648e-03,-1.492248475551605225e-02,-1.556973438709974289e-02,-1.559168286621570587e-02,-7.936209440231323242e-03,-1.479899231344461441e-02
-4.120000000000000051e-02,-1.032169349491596222e-02,-1.578096300363540649e-02,-2.097388543188571930e-02,-2.164351008832454681e-02,-1.844315230846405029e-02,-2.245799079537391663e-02
-2.489999999999999505e-02,-8.073483593761920929e-03,-1.148450840264558792e-02,-1.828143373131752014e-02,-2.045125141739845276e-02,-2.140337415039539337e-02,-2.247795462608337402e-02
1.490000000000000178e-02,-3.976548556238412857e-03,5.998783162795007229e-04,-4.629344213753938675e-03,-7.615900598466396332e-03,-1.094248704612255096e-02,-9.932704269886016846e-03
1.689999999999999836e-02,1.908114063553512096e-03,1.508498098701238632e-02,1.316435541957616806e-02,1.133109536021947861e-02,6.584890186786651611e-03,9.073223918676376343e-03
-1.400000000000000203e-02,9.141476824879646301e-03,1.960148662328720093e-02,1.695393212139606476e-02,1.690384000539779663e-02,1.159046404063701630e-02,1.508443336933851242e-02
-9.740000000000002128e-03,1.245916169136762619e-02,1.338476873934268951e-02,9.688930585980415344e-03,1.042453572154045105e-02,6.823010277003049850e-03,1.042987499386072159e-02
2.139999999999999888e-02,4.659480415284633636e-03,6.397743243724107742e-03,2.872628159821033478e-03,4.263056907802820206e-03,4.449056927114725113e-03,6.479078438133001328e-03
2.779999999999999832e-02,-9.137001819908618927e-03,5.810839124023914337e-03,1.071252766996622086e-02,1.428205426782369614e-02,1.664307340979576111e-02,1.597057841718196869e-02
4.369999999999999753e-03,-6.635189056396484375e-03,4.036210011690855026e-03,1.575838774442672729e-02,1.800579018890857697e-02,2.074226364493370056e-02,1.782358810305595398e-02
-3.439999999999999482e-03,3.427754389122128487e-03,-7.016441784799098969e-03,-1.069164834916591644e-03,-1.547011313959956169e-03,4.411980335135012865e-04,-3.925558179616928101e-03
-1.170000000000000467e-03,-3.015777328982949257e-04,-1.854183524847030640e-02,-2.113087102770805359e-02,-2.384212799370288849e-02,-2.385117486119270325e-02,-2.618119679391384125e-02
-1.599999999999999686e-02,-8.859138004481792450e-03,-1.919320039451122284e-02,-2.380657009780406952e-02,-2.580740675330162048e-02,-2.603184431791305542e-02,-2.736394107341766357e-02
-2.570000000000000062e-02,-4.042165353894233704e-03,-7.490266580134630203e-03,-1.144589297473430634e-02,-1.146417669951915741e-02,-1.304735522717237473e-02,-1.453102100640535355e-02
-1.449999999999999900e-02,3.253997769206762314e-03,-3.936679568141698837e-03,-1.341806724667549133e-02,-1.500188559293746948e-02,-1.826907321810722351e-02,-1.802856288850307465e-02
-3.460000000000000835e-03,4.584356676787137985e-03,2.452716464176774025e-03,-4.474920686334371567e-03,-5.803365726023912430e-03,-9.970150887966156006e-03,-7.826419547200202942e-03
7.069999999999999028e-03,4.841517191380262375e-03,1.424093358218669891e-02,1.452929619699716568e-02,1.429785043001174927e-02,1.118649076670408249e-02,1.373209804296493530e-02
1.899999999999999953e-02,7.230987306684255600e-03,2.025655470788478851e-02,2.081677876412868500e-02,1.964937150478363037e-02,1.794095523655414581e-02,2.071156725287437439e-02
2.009999999999999981e-02,6.724987644702196121e-03,2.149030193686485291e-02,1.912773959338665009e-02,1.805034652352333069e-02,1.770414225757122040e-02,2.052107453346252441e-02
1.280000000000000061e-02,1.212342875078320503e-03,1.791928708553314209e-02,1.607967726886272430e-02,1.572165451943874359e-02,1.597205922007560730e-02,1.851285435259342194e-02
7.470000000000000945e-03,-3.693953156471252441e-03,5.011500790715217590e-03,7.880817167460918427e-03,7.360265590250492096e-03,7.521812338382005692e-03,9.395642206072807312e-03
-1.410000000000000446e-03,-7.819063030183315277e-03,-8.433843031525611877e-03,-5.546607542783021927e-03,-5.357163026928901672e-03,-6.079575978219509125e-03,-4.735963419079780579e-03
-1.789999999999999925e-02,-8.734269067645072937e-03,-1.299689337611198425e-02,-1.395628135651350021e-02,-1.265809964388608932e-02,-1.437327172607183456e-02,-1.343110948801040649e-02
-2.440000000000000155e-02,-4.769921302795410156e-03,-1.500294823199510574e-02,-1.655497401952743530e-02,-1.544559188187122345e-02,-1.790373027324676514e-02,-1.723267324268817902e-02
-1.020000000000000073e-02,-4.044988309033215046e-04,-1.592119783163070679e-02,-1.715033128857612610e-02,-1.663824170827865601e-02,-1.983636617660522461e-02,-1.886740885674953461e-02
1.160000000000000094e-02,2.728623338043689728e-03,-9.205855429172515869e-03,-9.109389968216419220e-03,-9.162587113678455353e-03,-1.184215396642684937e-02,-1.061056647449731827e-02
6.949999999999999581e-03,5.422896705567836761e-03,2.805696334689855576e-03,2.218573121353983879e-03,3.814684168901294470e-04,-7.986833225004374981e-04,7.286480977199971676e-04
-2.009999999999999634e-02,8.038407191634178162e-03,1.180545613169670105e-02,5.749035626649856567e-03,1.861613243818283081e-03,1.240913174115121365e-03,3.405472496524453163e-03
-1.899999999999999953e-02,7.604756858199834824e-03,1.435857079923152924e-02,4.941266495734453201e-03,1.252292422577738762e-03,5.501905106939375401e-04,3.126867581158876419e-03
1.460000000000000013e-02,1.471477560698986053e-03,1.508152484893798828e-02,6.945778615772724152e-03,5.800327751785516739e-03,4.911444149911403656e-03,7.123760413378477097e-03
4.240000000000000019e-02,-5.684851203113794327e-03,1.941063255071640015e-02,1.817574724555015564e-02,1.961395144462585449e-02,1.844655349850654602e-02,1.977728679776191711e-02
3.570000000000000256e-02,-2.556288614869117737e-03,2.142461203038692474e-02,2.357381023466587067e-02,2.428951673209667206e-02,2.329434826970100403e-02,2.338134497404098511e-02
-1.399999999999999769e-03,4.645266570150852203e-03,9.939839132130146027e-03,1.016061101108789444e-02,9.379504248499870300e-03,7.682185620069503784e-03,7.311149965971708298e-03
-2.909999999999999740e-02,1.058161025866866112e-03,-1.311950851231813431e-02,-1.514142658561468124e-02,-1.712682843208312988e-02,-2.067927271127700806e-02,-1.934069022536277771e-02
-2.920000000000000026e-02,-1.019793469458818436e-02,-2.953410707414150238e-02,-3.110753186047077179e-02,-3.293706849217414856e-02,-3.495763987302780151e-02,-3.399591892957687378e-02
-2.089999999999999844e-02,-1.165854930877685547e-02,-2.114060521125793457e-02,-1.697949878871440887e-02,-1.601497642695903778e-02,-1.582120358943939209e-02,-1.764702424407005310e-02
-1.379999999999999977e-02,-3.450525226071476936e-03,-3.056594170629978180e-03,-4.475228197406977415e-04,1.685455557890236378e-03,1.427520415745675564e-03,-5.663222400471568108e-04
-3.359999999999943436e-05,7.574396207928657532e-03,4.076424054801464081e-03,2.891469746828079224e-03,4.254162311553955078e-03,2.470508450642228127e-03,2.849829150363802910e-03
2.469999999999999973e-02,1.233322545886039734e-02,9.391730651259422302e-03,9.969127364456653595e-03,1.008452195674180984e-02,7.222632877528667450e-03,9.972983971238136292e-03
3.379999999999999671e-02,9.200897999107837677e-03,1.436360739171504974e-02,1.514106802642345428e-02,1.453224848955869675e-02,1.254113670438528061e-02,1.572830788791179657e-02
1.660000000000000017e-02,4.710832610726356506e-03,1.755823753774166107e-02,1.399902999401092529e-02,1.397459954023361206e-02,1.239981595426797867e-02,1.546790078282356262e-02
-7.060000000000000303e-03,2.489972976036369801e-04,1.364155765622854233e-02,5.454405210912227631e-03,4.565257579088211060e-03,4.014249425381422043e-03,5.904358346015214920e-03
-2.050000000000000433e-02,-7.523743901401758194e-03,-1.795997610315680504e-03,-8.118755184113979340e-03,-1.151480991393327713e-02,-1.153891906142234802e-02,-1.088263280689716339e-02
-1.720000000000000348e-02,-1.261193305253982544e-02,-9.267555549740791321e-03,-9.186324663460254669e-03,-1.098884269595146179e-02,-1.180806290358304977e-02,-1.153578888624906540e-02
-2.599999999999999447e-03,-8.764080703258514404e-03,1.006376347504556179e-03,1.836778596043586731e-03,3.006837097927927971e-03,9.767473675310611725e-04,6.355285295285284519e-04
4.859999999999999737e-03,-7.050308631733059883e-04,5.910090170800685883e-03,4.203697666525840759e-03,6.729042623192071915e-03,3.508640686050057411e-03,3.924208693206310272e-03
4.400000000000000265e-03,6.335109937936067581e-03,7.419655448757112026e-04,3.658276982605457306e-03,7.156426087021827698e-03,2.583053894340991974e-03,4.795173648744821548e-03
9.029999999999999832e-03,8.219983428716659546e-03,-6.702593993395566940e-03,4.888405674137175083e-04,2.550662029534578323e-03,-1.220243400894105434e-03,1.892811735160648823e-03
9.010000000000000647e-03,4.894424695521593094e-03,-8.531120605766773224e-03,-4.146274179220199585e-03,-5.094520747661590576e-03,-7.083751726895570755e-03,-4.407678265124559402e-03
-6.380000000000000254e-03,-9.725419658934697509e-05,-4.514447879046201706e-03,-4.510597791522741318e-03,-6.914907600730657578e-03,-7.202814333140850067e-03,-6.470174528658390045e-03
-1.830000000000000029e-02,-2.004392445087432861e-03,2.676273870747536421e-04,-3.510830923914909363e-03,-6.421716418117284775e-03,-5.729358643293380737e-03,-7.384268101304769516e-03
-1.260000000000000009e-02,-1.537813339382410049e-03,2.712757326662540436e-03,-3.988754469901323318e-03,-7.428297773003578186e-03,-6.964074447751045227e-03,-9.383996948599815369e-03
2.949999999999999931e-03,-1.700600027106702328e-03,9.318637661635875702e-03,3.358292626217007637e-03,9.345781872980296612e-04,-2.851659373845905066e-04,-1.246916013769805431e-03
1.750000000000000167e-02,-4.984402912668883801e-04,1.782752014696598053e-02,1.315524149686098099e-02,1.181759126484394073e-02,9.067396633327007294e-03,1.003668550401926041e-02
1.859999999999999848e-02,3.739502280950546265e-03,1.754589937627315521e-02,1.372914202511310577e-02,1.213881652802228928e-02,8.891004137694835663e-03,1.178616657853126526e-02
9.079999999999999530e-03,5.342421121895313263e-03,8.196261711418628693e-03,6.901021581143140793e-03,5.091219209134578705e-03,1.901768031530082226e-03,6.539347581565380096e-03
-8.769999999999998283e-03,1.426480244845151901e-03,-4.969872534275054932e-03,-3.865027334541082382e-03,-5.552422720938920975e-03,-9.186309762299060822e-03,-3.272662172093987465e-03
-2.160000000000000114e-02,-3.586403094232082367e-03,-1.380797103047370911e-02,-1.169338170439004898e-02,-1.291862875223159790e-02,-1.666548289358615875e-02,-1.103555690497159958e-02
-1.190000000000000085e-02,-6.273812148720026016e-03,-1.261831633746623993e-02,-9.854753501713275909e-03,-1.084034424275159836e-02,-1.371875312179327011e-02,-9.817987680435180664e-03
4.609999999999997130e-04,-3.517303848639130592e-03,-4.440560471266508102e-03,-2.925393171608448029e-03,-4.401093814522027969e-03,-6.404034327715635300e-03,-4.349330440163612366e-03
8.300000000000000086e-03,1.528305001556873322e-03,4.342040047049522400e-03,5.593447014689445496e-03,4.197326954454183578e-03,3.100862959399819374e-03,3.403800772503018379e-03
1.389999999999999916e-02,5.749168340116739273e-03,7.198107894510030746e-03,7.211771328002214432e-03,6.037064827978610992e-03,5.171534605324268341e-03,4.502519499510526657e-03
1.510000000000000274e-03,7.444862741976976395e-03,5.280698183923959732e-03,1.994702266529202461e-03,2.198617905378341675e-03,6.350280018523335457e-04,1.888488623080775142e-04
-1.000000000000000021e-02,2.521536312997341156e-03,4.225510638207197189e-03,-1.357410685159265995e-03,-9.467337804380804300e-05,-8.149770437739789486e-04,-1.582604483701288700e-03
-6.140000000000000492e-03,-2.220910973846912384e-03,3.211456350982189178e-03,-2.215324901044368744e-03,-2.987257437780499458e-03,-2.531994832679629326e-03,-3.766816109418869019e-03
4.689999999999999725e-03,-3.339922754094004631e-03,2.795857843011617661e-03,8.758269832469522953e-04,-1.620698953047394753e-03,-1.588812447153031826e-03,-1.889450941234827042e-03
1.229999999999999843e-02,-4.467761144042015076e-03,5.118729546666145325e-03,6.184589117765426636e-03,2.948048757389187813e-03,2.663996303454041481e-03,3.575082402676343918e-03
5.219999999999999814e-03,1.000828226096928120e-03,5.085490178316831589e-03,3.505876054987311363e-03,9.382067364640533924e-04,-3.733120393007993698e-04,1.630139304324984550e-03
-4.270000000000001225e-03,4.265834577381610870e-03,1.625470584258437157e-03,-3.203326836228370667e-03,-3.512014634907245636e-03,-6.165133789181709290e-03,-2.989799017086625099e-03
-1.200000000000000025e-02,7.964243413880467415e-04,-4.216825123876333237e-03,-9.329759515821933746e-03,-9.731375612318515778e-03,-1.224039401859045029e-02,-8.950039744377136230e-03
-1.870000000000000134e-02,-1.154670375399291515e-03,-5.428511649370193481e-03,-7.358141243457794189e-03,-7.073863875120878220e-03,-8.566360920667648315e-03,-7.110632490366697311e-03
-8.070000000000000784e-03,-1.688648131676018238e-03,5.778393824584782124e-04,2.623155014589428902e-03,4.156248178333044052e-03,4.042466171085834503e-03,2.846934599801898003e-03
6.819999999999999674e-03,3.205661487299948931e-04,4.383407533168792725e-03,7.224427536129951477e-03,8.393499068915843964e-03,9.537331759929656982e-03,6.268057972192764282e-03
2.639999999999999986e-02,4.065126646310091019e-03,8.403959684073925018e-03,1.291878800839185715e-02,1.491489447653293610e-02,1.592984981834888458e-02,1.210344582796096802e-02
3.930000000000000160e-02,4.540862049907445908e-03,9.484803304076194763e-03,1.335139106959104538e-02,1.461410056799650192e-02,1.469698734581470490e-02,1.206819526851177216e-02
7.519999999999999775e-03,3.801531856879591942e-03,3.195880213752388954e-03,2.199220703914761543e-03,1.238949596881866455e-03,-6.531171966344118118e-04,-2.207230136264115572e-04
-3.830000000000000071e-02,-6.721516838297247887e-04,-4.390044137835502625e-03,-1.163253653794527054e-02,-1.421305350959300995e-02,-1.652331836521625519e-02,-1.375463325530290604e-02
-4.250000000000000305e-02,-6.104988511651754379e-03,-1.259479392319917679e-02,-2.376190014183521271e-02,-2.831548452377319336e-02,-2.960080839693546295e-02,-2.644894458353519440e-02
-1.400000000000000203e-02,-9.093228727579116821e-03,-1.086052134633064270e-02,-1.821897365152835846e-02,-2.243122644722461700e-02,-2.255494333803653717e-02,-1.991080120205879211e-02
7.119999999999999593e-03,-5.985853262245655060e-03,9.608849883079528809e-03,1.148800738155841827e-02,1.104797329753637314e-02,1.031142845749855042e-02,1.175938453525304794e-02
2.079999999999999905e-02,5.252240225672721863e-03,1.885704323649406433e-02,1.999102719128131866e-02,1.927290670573711395e-02,1.796790026128292084e-02,1.966825313866138458e-02
3.570000000000000256e-02,1.362175401300191879e-02,1.411764882504940033e-02,1.700161769986152649e-02,1.635935902595520020e-02,1.382921542972326279e-02,1.655257493257522583e-02
1.310000000000000227e-02,1.122843287885189056e-02,5.613459739834070206e-03,9.810153394937515259e-03,9.206576272845268250e-03,6.281480193138122559e-03,9.934762492775917053e-03
-3.280000000000000276e-02,-2.886143010982777923e-05,-2.120353048667311668e-03,1.366570009849965572e-03,1.874235109426081181e-03,-7.852162234485149384e-04,1.443455810658633709e-03
-2.949999999999999845e-02,-7.395359221845865250e-03,-7.697873283177614212e-03,-6.542109418660402298e-03,-5.795640405267477036e-03,-7.628789171576499939e-03,-8.020423352718353271e-03
1.739999999999999880e-02,-1.048082299530506134e-02,-1.069068163633346558e-02,-1.025582291185855865e-02,-9.393739514052867889e-03,-1.095199771225452423e-02,-1.279550045728683472e-02
3.640000000000000180e-02,-9.985855780541896820e-03,-2.960542624350637197e-04,4.219665192067623138e-03,6.828488316386938095e-03,4.740776959806680679e-03,3.226188942790031433e-03
-9.139999999999998820e-03,1.152902259491384029e-03,7.319612894207239151e-03,7.435875479131937027e-03,7.781238760799169540e-03,6.107590161263942719e-03,5.528326146304607391e-03
-4.279999999999999777e-02,1.145165693014860153e-02,-2.574530662968754768e-03,-1.045324746519327164e-02,-1.440529897809028625e-02,-1.701106317341327667e-02,-1.494514476507902145e-02
-1.810000000000000150e-02,7.255130447447299957e-03,-1.624029688537120819e-02,-2.673261612653732300e-02,-3.325459733605384827e-02,-3.521804511547088623e-02,-3.168407455086708069e-02
1.930000000000000118e-02,-6.579201668500900269e-03,-1.094293966889381409e-02,-1.543547399342060089e-02,-1.902775280177593231e-02,-1.768631488084793091e-02,-1.641399785876274109e-02
2.579999999999999655e-02,-5.406463053077459335e-03,1.354532502591609955e-02,1.904016733169555664e-02,2.012255042791366577e-02,1.944695785641670227e-02,1.961851865053176880e-02
-2.580000000000003623e-04,6.800242234021425247e-03,1.505226083099842072e-02,1.280640158802270889e-02,1.203129626810550690e-02,1.053299941122531891e-02,1.038271747529506683e-02
-2.050000000000000433e-02,1.230439823120832443e-02,6.577114574611186981e-03,2.584718633443117142e-03,1.842670026235282421e-03,-1.552497036755084991e-03,-9.816435631364583969e-04
-1.179999999999999973e-02,2.236152766272425652e-03,2.164249890483915806e-04,-3.119403030723333359e-03,-3.092964645475149155e-03,-5.704764276742935181e-03,-4.608605988323688507e-03
2.210000000000000159e-03,-9.312199428677558899e-03,5.489085335284471512e-03,6.901380605995655060e-03,9.498203173279762268e-03,8.075327612459659576e-03,8.301632478833198547e-03
1.930000000000000118e-02,-7.374179549515247345e-03,1.597576215863227844e-02,1.995371840894222260e-02,2.195929549634456635e-02,2.097890898585319519e-02,2.055603638291358948e-02
3.330000000000000321e-02,1.357126981019973755e-03,1.096217893064022064e-02,1.460221968591213226e-02,1.578115113079547882e-02,1.476185489445924759e-02,1.470946520566940308e-02
2.400000000000000050e-02,6.056417711079120636e-03,-7.412236183881759644e-03,-9.131951374001801014e-04,8.252403931692242622e-04,-1.635052380152046680e-03,6.563408533111214638e-05
-1.340000000000000045e-02,1.232916023582220078e-03,-2.203977853059768677e-02,-1.833765022456645966e-02,-1.805856451392173767e-02,-1.945151947438716888e-02,-1.767473109066486359e-02
-5.559999999999999665e-02,-3.109398297965526581e-03,-2.639035321772098541e-02,-3.249863907694816589e-02,-3.537326678633689880e-02,-3.374657034873962402e-02,-3.431675583124160767e-02
-4.209999999999999853e-02,-5.340031813830137253e-03,-1.884444989264011383e-02,-3.002598322927951813e-02,-3.475047275424003601e-02,-3.039740025997161865e-02,-3.299808874726295471e-02
-8.890000000000006838e-04,-5.587271414697170258e-03,9.581756312400102615e-04,-6.451171357184648514e-03,-1.021539047360420227e-02,-5.507581401616334915e-03,-8.334988728165626526e-03
9.939999999999999183e-03,2.065178006887435913e-03,2.055148035287857056e-02,2.018298394978046417e-02,1.942675933241844177e-02,2.129396237432956696e-02,2.031362056732177734e-02
1.750000000000000167e-02,1.016366388648748398e-02,2.918460033833980560e-02,3.059469163417816162e-02,3.077021427452564240e-02,3.102834522724151611e-02,3.166908025741577148e-02
3.230000000000000232e-02,1.610510051250457764e-02,2.696860767900943756e-02,2.773165702819824219e-02,2.816085703670978546e-02,2.632168307900428772e-02,2.937329560518264771e-02
3.880000000000000115e-02,8.758890442550182343e-03,1.911728456616401672e-02,2.004136145114898682e-02,2.271987125277519226e-02,1.884461194276809692e-02,2.403277531266212463e-02
2.610000000000000167e-02,-9.579021483659744263e-03,5.970146972686052322e-03,9.506769478321075439e-03,1.362836174666881561e-02,9.135236963629722595e-03,1.379439793527126312e-02
-1.369999999999999864e-02,-1.165154110640287399e-02,-1.432733237743377686e-02,-8.489375934004783630e-03,-6.792165338993072510e-03,-1.075195148587226868e-02,-8.816618472337722778e-03
-4.890000000000000596e-02,-1.190632767975330353e-02,-3.090444765985012054e-02,-2.886716090142726898e-02,-3.127630427479743958e-02,-3.325844928622245789e-02,-3.373133763670921326e-02
-5.519999999999999907e-02,-1.208636723458766937e-02,-3.318731486797332764e-02,-3.657768294215202332e-02,-4.081460461020469666e-02,-4.002147167921066284e-02,-4.165975749492645264e-02
-1.430000000000000195e-02,-3.800000995397567749e-03,-1.482378598302602768e-02,-1.878149248659610748e-02,-1.974877901375293732e-02,-1.732271537184715271e-02,-2.064846828579902649e-02
3.670000000000000345e-02,2.940494334325194359e-03,5.883031059056520462e-03,2.747911959886550903e-03,4.580012988299131393e-03,6.830713246017694473e-03,4.406618885695934296e-03
3.549999999999999684e-02,1.080258376896381378e-02,1.240036729723215103e-02,1.164844911545515060e-02,1.351005490869283676e-02,1.326373312622308731e-02,1.300902944058179855e-02
-1.570000000000000432e-03,1.613832078874111176e-02,2.245476841926574707e-02,1.750205270946025848e-02,1.950871944427490234e-02,1.623636484146118164e-02,1.853001303970813751e-02
-1.049999999999999892e-02,1.373802497982978821e-02,2.024506963789463043e-02,9.337612427771091461e-03,8.560951799154281616e-03,3.643889678642153740e-03,7.590122986584901810e-03
4.729999999999999830e-03,-3.791098948568105698e-03,5.740873515605926514e-03,1.808667875593528152e-04,-1.825023093260824680e-03,-7.898769341409206390e-03,-2.943610772490501404e-03
4.089999999999999886e-03,-2.023647353053092957e-02,7.220453117042779922e-03,1.236147899180650711e-02,1.386464480310678482e-02,8.079853840172290802e-03,1.201258227229118347e-02
-1.340000000000000045e-02,-1.246700342744588852e-02,1.553614158183336258e-02,2.032650634646415710e-02,2.243949472904205322e-02,1.646728999912738800e-02,1.906996965408325195e-02
-3.830000000000001372e-03,2.057947218418121338e-03,1.011460553854703903e-02,8.033714257180690765e-03,1.178322359919548035e-02,5.222448147833347321e-03,7.277626544237136841e-03
2.120000000000000009e-02,3.476589685305953026e-03,-1.408047392033040524e-03,-2.042688196524977684e-03,1.301537384279072285e-03,-4.405697807669639587e-03,-1.453787321224808693e-03
1.739999999999999880e-02,-1.075402367860078812e-03,-1.334128994494676590e-02,-4.017189610749483109e-03,-1.420374028384685516e-03,-3.327991580590605736e-03,-1.943422248587012291e-03
-1.409999999999999795e-02,1.179478131234645844e-03,-1.741316914558410645e-02,-6.061203312128782272e-03,-3.745958209037780762e-03,-2.861669752746820450e-03,-3.735284786671400070e-03
-2.949999999999999845e-02,4.992428701370954514e-03,-2.089357003569602966e-02,-2.104487642645835876e-02,-2.246763370931148529e-02,-2.055358327925205231e-02,-2.149833738803863525e-02
-1.179999999999999973e-02,5.342160584405064583e-04,-1.834321022033691406e-02,-2.767770364880561829e-02,-3.270025178790092468e-02,-3.069527074694633484e-02,-3.039388358592987061e-02
6.120000000000000440e-03,-4.088712390512228012e-03,-4.603779409080743790e-03,-7.825502194464206696e-03,-1.212957594543695450e-02,-1.069190260022878647e-02,-1.011857669800519943e-02
2.330000000000000040e-03,2.336469333386048675e-04,1.562764868140220642e-02,1.224204711616039276e-02,7.856821641325950623e-03,6.105788517743349075e-03,8.512442931532859802e-03
-2.940000000000000772e-03,7.190287113189697266e-03,2.505506575107574463e-02,1.282857544720172882e-02,8.285949937999248505e-03,3.790730843320488930e-03,7.794359233230352402e-03
-7.020000000000000198e-03,9.139101952314376831e-03,2.457605861127376556e-02,1.155379228293895721e-02,1.019259635359048843e-02,3.789522452279925346e-03,9.079406969249248505e-03
8.859999999999999820e-03,1.490161172114312649e-03,1.832514442503452301e-02,1.392728183418512344e-02,1.505920756608247757e-02,9.863034822046756744e-03,1.479468774050474167e-02
3.029999999999999707e-02,-5.196380428969860077e-03,1.302740722894668579e-02,1.794378645718097687e-02,1.912540197372436523e-02,1.616064086556434631e-02,1.982310786843299866e-02
2.699999999999999623e-02,-2.292469609528779984e-03,6.773810368031263351e-03,1.537860836833715439e-02,1.583527773618698120e-02,1.426669675856828690e-02,1.632787287235260010e-02
-3.289999999999999956e-03,-1.933534280396997929e-03,-6.796316243708133698e-03,3.102878108620643616e-03,2.767878118902444839e-03,1.836232724599540234e-03,2.503243973478674889e-03
-2.110000000000000070e-02,-7.989998557604849339e-04,-2.603244036436080933e-02,-2.030363865196704865e-02,-2.207105420529842377e-02,-2.158110216259956360e-02,-2.358990348875522614e-02
-7.130000000000001788e-03,-4.034600686281919479e-03,-3.328780829906463623e-02,-3.542274236679077148e-02,-3.695511072874069214e-02,-3.392655402421951294e-02,-3.834820166230201721e-02
-1.940000000000000058e-02,-8.585751056671142578e-03,-2.327750064432621002e-02,-2.964678406715393066e-02,-3.122515790164470673e-02,-2.681348100304603577e-02,-3.213397413492202759e-02
-4.750000000000000749e-02,-8.203982142731547356e-04,-3.367230528965592384e-03,-1.178244315087795258e-02,-1.228487025946378708e-02,-1.036475412547588348e-02,-1.408075727522373199e-02
-1.919999999999999485e-02,8.145414292812347412e-03,8.274842984974384308e-03,-4.357662517577409744e-03,-6.018917541950941086e-03,-6.914429832249879837e-03,-7.025651633739471436e-03
2.879999999999999921e-02,9.394789114594459534e-03,1.579227671027183533e-02,5.852640140801668167e-03,4.225718323141336441e-03,2.527759410440921783e-03,4.367820452898740768e-03
4.240000000000000019e-02,4.950447939336299896e-03,2.931554988026618958e-02,2.965370193123817444e-02,3.285386413335800171e-02,3.028518334031105042e-02,3.232093527913093567e-02
3.440000000000000002e-02,7.015223149210214615e-03,3.555997833609580994e-02,3.778893500566482544e-02,4.046518355607986450e-02,3.726151958107948303e-02,3.937562182545661926e-02
1.669999999999999957e-02,1.029554102569818497e-02,2.367605455219745636e-02,2.425327524542808533e-02,2.538709342479705811e-02,2.175571955740451813e-02,2.468024753034114838e-02
-8.739999999999999505e-03,-4.645046312361955643e-03,-1.339186332188546658e-03,-1.144094509072601795e-03,-9.401444112882018089e-04,-3.780860686674714088e-03,4.163567791692912579e-05
-2.130000000000000296e-02,-2.129939198493957520e-02,-2.134021185338497162e-02,-1.910114474594593048e-02,-1.687383279204368591e-02,-1.703497022390365601e-02,-1.532591693103313446e-02
-8.829999999999997573e-03,-1.662233658134937286e-02,-2.343211323022842407e-02,-2.254287339746952057e-02,-1.882823370397090912e-02,-1.755386404693126678e-02,-1.929383911192417145e-02
-3.220000000000000639e-03,-7.095122709870338440e-03,-1.686814427375793457e-02,-2.245758473873138428e-02,-1.957200653851032257e-02,-1.797712780535221100e-02,-2.087563462555408478e-02
-2.189999999999999933e-02,2.558738924562931061e-03,-1.427687704563140869e-02,-1.612176187336444855e-02,-1.458214037120342255e-02,-1.426536217331886292e-02,-1.574072055518627167e-02
-3.440000000000000002e-02,9.216101840138435364e-03,-1.276569627225399017e-02,-9.585248306393623352e-03,-1.051884610205888748e-02,-1.139992568641901016e-02,-1.091734878718852997e-02
-1.730000000000000288e-02,9.904036298394203186e-03,-2.459947485476732254e-03,-1.146796159446239471e-03,-3.491650801151990891e-03,-3.864482278004288673e-03,-3.174419282004237175e-03
1.919999999999999832e-02,5.431102588772773743e-03,1.969643123447895050e-02,1.740072667598724365e-02,1.914465427398681641e-02,1.861790381371974945e-02,1.842775195837020874e-02
4.299999999999999656e-02,3.361775074154138565e-03,3.818728029727935791e-02,3.373617306351661682e-02,3.777444735169410706e-02,3.599695116281509399e-02,3.589042648673057556e-02
3.620000000000000301e-02,5.791922565549612045e-03,3.383775427937507629e-02,3.457381948828697205e-02,3.833889216184616089e-02,3.530265018343925476e-02,3.577293083071708679e-02
2.189999999999999933e-02,6.046755705028772354e-03,1.851555891335010529e-02,2.209489978849887848e-02,2.552689984440803528e-02,2.005769871175289154e-02,2.242559008300304413e-02
8.340000000000000191e-03,-3.196167293936014175e-03,1.723668072372674942e-03,-4.039665218442678452e-03,-2.763438038527965546e-03,-8.786602877080440521e-03,-4.368108231574296951e-03
-1.510000000000000057e-02,-1.779282465577125549e-02,-1.544457301497459412e-02,-2.714665234088897705e-02,-2.933260984718799591e-02,-3.267622739076614380e-02,-2.860092185437679291e-02
-4.640000000000000374e-02,-1.768270134925842285e-02,-2.200102619826793671e-02,-2.901265583932399750e-02,-3.321355208754539490e-02,-3.382949158549308777e-02,-3.259666636586189270e-02
-5.500000000000000028e-02,-5.579735618084669113e-03,-2.115818671882152557e-02,-2.377414703369140625e-02,-2.828505076467990875e-02,-2.799036540091037750e-02,-2.912983670830726624e-02
-2.210000000000000159e-02,1.698393374681472778e-03,-1.693536527454853058e-02,-1.463565975427627563e-02,-1.680583134293556213e-02,-1.681969687342643738e-02,-1.762145012617111206e-02
2.500000000000000139e-02,6.715256720781326294e-03,-4.639644976123236120e-05,8.982077240943908691e-03,1.086951605975627899e-02,9.360424242913722992e-03,9.193548001348972321e-03
5.050000000000000322e-02,1.116332039237022400e-02,1.971499621868133545e-02,2.817384526133537292e-02,3.134047985076904297e-02,2.885942719876766205e-02,2.941080182790756226e-02
2.939999999999999558e-02,1.453147176653146744e-02,3.185947984457015991e-02,3.199645131826400757e-02,3.443036600947380066e-02,3.054250404238700867e-02,3.225620836019515991e-02
-1.190000000000000085e-02,1.303558424115180969e-02,2.905135974287986755e-02,2.239654771983623505e-02,2.412761002779006958e-02,1.740602962672710419e-02,2.122393995523452759e-02
-1.110000000000000223e-02,-2.407655585557222366e-03,7.326176855713129044e-03,1.770687173120677471e-03,5.264845676720142365e-04,-5.899718962609767914e-03,-8.785418467596173286e-04
1.899999999999999953e-02,-2.231536246836185455e-02,-1.109951641410589218e-02,-1.266864128410816193e-02,-1.683199778199195862e-02,-1.954226940870285034e-02,-1.505446527153253555e-02
2.359999999999999945e-02,-2.093762345612049103e-02,-2.175542293116450310e-03,-1.935114734806120396e-03,-6.174996960908174515e-03,-7.387648802250623703e-03,-4.980936180800199509e-03
-1.030000000000000186e-02,-5.402325652539730072e-03,5.454041529446840286e-03,-2.116417512297630310e-03,-7.991607300937175751e-03,-9.074311703443527222e-03,-8.337356150150299072e-03
-5.220000000000000334e-02,6.642899010330438614e-03,-1.250880211591720581e-02,-2.319236844778060913e-02,-2.792149782180786133e-02,-3.084523230791091919e-02,-2.906224504113197327e-02
-5.850000000000000339e-02,5.656256806105375290e-03,-2.735880203545093536e-02,-3.029794245958328247e-02,-3.300105407834053040e-02,-3.533811494708061218e-02,-3.226810693740844727e-02
-2.120000000000000009e-02,-1.269138301722705364e-03,-1.417453680187463760e-02,-5.108062643557786942e-03,-3.443518187850713730e-03,-3.048849757760763168e-03,-2.360648708418011665e-03
3.729999999999999982e-02,1.198052545078098774e-03,1.861539483070373535e-02,2.744696289300918579e-02,3.090795129537582397e-02,3.032180108129978180e-02,3.045033663511276245e-02
6.859999999999999432e-02,8.652925491333007812e-03,3.537885472178459167e-02,3.813176229596138000e-02,4.058154672384262085e-02,4.011109098792076111e-02,4.014278575778007507e-02
4.820000000000000673e-02,1.504094153642654419e-02,2.992467023432254791e-02,3.571832925081253052e-02,3.779320791363716125e-02,3.600369393825531006e-02,3.738071769475936890e-02
7.669999999999998867e-03,1.289365626871585846e-02,1.101155299693346024e-02,1.558608468621969223e-02,1.745261251926422119e-02,1.328381244093179703e-02,1.738355122506618500e-02
-2.179999999999999993e-02,-5.565375555306673050e-03,-1.119880843907594681e-02,-2.003028802573680878e-02,-2.318935655057430267e-02,-2.871205098927021027e-02,-2.323420345783233643e-02
-3.500000000000000333e-02,-2.842099405825138092e-02,-2.387879602611064911e-02,-3.912509232759475708e-02,-4.513743147253990173e-02,-4.714737460017204285e-02,-4.378131031990051270e-02
-3.379999999999999671e-02,-2.388635091483592987e-02,-1.309246942400932312e-02,-1.659691333770751953e-02,-2.248742617666721344e-02,-2.211943268775939941e-02,-2.240122854709625244e-02
-2.809999999999999998e-02,-4.648881498724222183e-03,-7.153699407353997231e-04,-4.068727605044841766e-03,-9.922628290951251984e-03,-8.758265525102615356e-03,-9.896597824990749359e-03
-1.430000000000000195e-02,7.373331580311059952e-03,-3.985551884397864342e-04,-1.309030107222497463e-03,-1.927592675201594830e-03,-8.020901004783809185e-04,-1.178501988761126995e-03
1.439999999999999961e-02,1.240035425871610641e-02,4.328441340476274490e-03,1.320783514529466629e-02,1.616506092250347137e-02,1.659175008535385132e-02,1.697340607643127441e-02
4.080000000000000293e-02,1.308009773492813110e-02,1.462786365300416946e-02,2.608834765851497650e-02,3.021026030182838440e-02,3.039075434207916260e-02,3.104267641901969910e-02
4.070000000000000007e-02,9.312783367931842804e-03,2.868853136897087097e-02,3.167388588190078735e-02,3.548247739672660828e-02,3.468417748808860779e-02,3.576870635151863098e-02
1.679999999999999896e-02,4.044743720442056656e-03,2.428829856216907501e-02,2.562766894698143005e-02,2.814655192196369171e-02,2.586487121880054474e-02,2.692480385303497314e-02
-5.249999999999999459e-03,-3.861875971779227257e-03,-3.859879449009895325e-03,5.479305982589721680e-03,7.277586497366428375e-03,3.363831900060176849e-03,3.166106296703219414e-03
-1.800000000000000211e-02,-1.640279591083526611e-02,-2.404662966728210449e-02,-1.872843131422996521e-02,-1.772887073457241058e-02,-2.163988724350929260e-02,-2.324758283793926239e-02
-2.589999999999999941e-02,-1.822587102651596069e-02,-1.526636909693479538e-02,-2.052360586822032928e-02,-2.165802009403705597e-02,-2.434227243065834045e-02,-2.742937952280044556e-02
-2.339999999999999719e-02,-7.940010167658329010e-03,1.671856036409735680e-03,-8.321007713675498962e-03,-1.117980573326349258e-02,-1.352736726403236389e-02,-1.807990483939647675e-02
-1.039999999999999779e-02,2.022434957325458527e-03,-4.662414721678942442e-04,-7.501174695789813995e-03,-1.079865451902151108e-02,-1.285511814057826996e-02,-1.577272638678550720e-02
6.340000000000000149e-03,7.997827604413032532e-03,-5.348274949938058853e-03,-1.298687537200748920e-03,-3.679215209558606148e-03,-5.794720258563756943e-03,-5.153865553438663483e-03
1.880000000000000074e-02,9.768464602530002594e-03,1.973247621208429337e-03,8.758799172937870026e-03,7.410568650811910629e-03,5.529751069843769073e-03,8.118847385048866272e-03
1.510000000000000057e-02,8.962283842265605927e-03,1.395719312131404877e-02,1.250806357711553574e-02,1.093789748847484589e-02,1.003213413059711456e-02,1.288220845162868500e-02
3.260000000000000744e-03,5.714618135243654251e-03,1.824263297021389008e-02,1.252100896090269089e-02,9.572843089699745178e-03,8.784729987382888794e-03,1.191306114196777344e-02
-1.710000000000004160e-04,-7.123092073015868664e-04,1.212278939783573151e-02,9.359743446111679077e-03,4.966291598975658417e-03,2.526785247027873993e-03,6.906261667609214783e-03
-3.210000000000000180e-03,-7.572915870696306229e-03,4.747467581182718277e-03,4.514505155384540558e-03,9.893281385302543640e-04,-3.865148173645138741e-03,1.660036039538681507e-03
-7.560000000000000747e-03,-8.765344507992267609e-03,7.355662062764167786e-03,6.753683090209960938e-03,3.490556497126817703e-03,-2.453499240800738335e-03,3.048337530344724655e-03
2.830000000000000050e-03,-4.096050281077623367e-03,1.069390587508678436e-02,8.821903727948665619e-03,4.289152100682258606e-03,-1.694882172159850597e-03,3.010616637766361237e-03
1.439999999999999961e-02,3.441738954279571772e-04,2.800892572849988937e-03,2.693685004487633705e-03,-5.543258157558739185e-04,-6.508055143058300018e-03,-2.078918507322669029e-03
5.060000000000000261e-03,1.722965738736093044e-03,-8.306022733449935913e-03,-3.887516679242253304e-03,-3.909480292350053787e-03,-8.836136199533939362e-03,-4.463525023311376572e-03
-8.720000000000000320e-03,2.590187359601259232e-03,-1.521869935095310211e-02,-9.755475446581840515e-03,-1.082570850849151611e-02,-1.288705039769411087e-02,-8.874754421412944794e-03
-1.320000000000000340e-02,3.141992026939988136e-03,-1.636707969009876251e-02,-1.664659939706325531e-02,-2.138525433838367462e-02,-2.133937552571296692e-02,-1.771806925535202026e-02
-9.530000000000002011e-03,-2.957219548989087343e-04,-9.656230919063091278e-03,-1.430477667599916458e-02,-2.124928683042526245e-02,-1.886161416769027710e-02,-1.664801314473152161e-02
-5.510000000000001008e-03,-2.282209461554884911e-03,3.703493857756257057e-03,-1.283544581383466721e-03,-7.199142593890428543e-03,-3.846808569505810738e-03,-2.843186026439070702e-03
-2.559999999999999342e-03,2.059820108115673065e-03,1.484303921461105347e-02,7.851994596421718597e-03,2.850206103175878525e-03,4.815571475774049759e-03,6.335000041872262955e-03
-3.710000000000003985e-04,4.697730764746665955e-03,2.047504484653472900e-02,1.197892427444458008e-02,9.663843549787998199e-03,9.092403575778007507e-03,1.187312882393598557e-02
-2.829999999999998749e-03,4.347356501966714859e-03,2.160209603607654572e-02,1.511547993868589401e-02,1.606469042599201202e-02,1.226446218788623810e-02,1.657362096011638641e-02
1.540000000000000049e-02,2.450333442538976669e-03,1.896323449909687042e-02,2.062837220728397369e-02,2.133804187178611755e-02,1.601037196815013885e-02,2.063435874879360199e-02
4.309999999999999942e-02,-5.637839785777032375e-04,1.154251862317323685e-02,1.999027468264102936e-02,2.015198953449726105e-02,1.436647772789001465e-02,1.848224364221096039e-02
3.200000000000000067e-02,-2.337858779355883598e-03,1.281752047361806035e-04,1.048159599304199219e-02,1.270151231437921524e-02,6.836114916950464249e-03,9.368870407342910767e-03
-1.449999999999999900e-02,-2.787598408758640289e-03,-1.356275845319032669e-02,-6.484630983322858810e-03,-3.103254828602075577e-03,-6.147855427116155624e-03,-7.139265537261962891e-03
-4.750000000000000749e-02,-2.222146838903427124e-03,-2.940237894654273987e-02,-3.229612112045288086e-02,-3.266695514321327209e-02,-3.017375431954860687e-02,-3.452795371413230896e-02
-3.660000000000000059e-02,-6.445332895964384079e-03,-3.340718150138854980e-02,-4.296379163861274719e-02,-4.651254415512084961e-02,-3.966072201728820801e-02,-4.552495107054710388e-02
-1.160000000000000094e-02,-8.701524697244167328e-03,-1.110294088721275330e-02,-1.606838032603263855e-02,-1.908173225820064545e-02,-9.574986062943935394e-03,-1.707431115210056305e-02
-5.119999999999998684e-03,9.106313227675855160e-04,1.435991283506155014e-02,9.802036918699741364e-03,7.896714843809604645e-03,1.368432957679033279e-02,8.962404914200305939e-03
1.050000000000000065e-02,1.104241795837879181e-02,2.212396636605262756e-02,1.584437303245067596e-02,1.523851044476032257e-02,1.630138233304023743e-02,1.483204681426286697e-02
2.909999999999999740e-02,1.509283017367124557e-02,2.369721420109272003e-02,2.071447297930717468e-02,2.142840065062046051e-02,1.836396008729934692e-02,1.994169503450393677e-02
3.200000000000000067e-02,9.145831689238548279e-03,2.248182520270347595e-02,2.345921471714973450e-02,2.521999366581439972e-02,2.063690125942230225e-02,2.370726875960826874e-02
1.959999999999999937e-02,-1.855369540862739086e-03,1.736750639975070953e-02,2.129481732845306396e-02,2.439890429377555847e-02,1.887799240648746490e-02,2.192177064716815948e-02
-9.999999999999997769e-05,-5.791949573904275894e-03,3.434497397392988205e-03,5.810962058603763580e-03,8.737205527722835541e-03,2.907932968810200691e-03,4.750928841531276703e-03
-1.349999999999999638e-02,-1.157127507030963898e-02,-1.398661173880100250e-02,-1.441023126244544983e-02,-1.148405577987432480e-02,-1.553647685796022415e-02,-1.525022927671670914e-02
-2.230000000000000038e-02,-1.374000590294599533e-02,-2.258626557886600494e-02,-2.413254231214523315e-02,-2.200933918356895447e-02,-2.287277020514011383e-02,-2.400979399681091309e-02
-3.009999999999999482e-02,-6.511616054922342300e-03,-1.625397987663745880e-02,-1.993882842361927032e-02,-1.873778738081455231e-02,-1.717174984514713287e-02,-1.933891512453556061e-02
-1.499999999999999944e-02,4.689499328378587961e-04,-8.473989553749561310e-03,-1.366304419934749603e-02,-1.366680115461349487e-02,-1.087880320847034454e-02,-1.255669165402650833e-02
1.080000000000000057e-02,6.244708783924579620e-03,-5.917819682508707047e-03,-5.626912694424390793e-03,-6.578073371201753616e-03,-4.260243847966194153e-03,-4.565159790217876434e-03
2.450000000000000094e-02,8.922368288040161133e-03,4.826790653169155121e-03,7.225220557302236557e-03,7.013223133981227875e-03,7.667315192520618439e-03,8.824686519801616669e-03
1.280000000000000061e-02,8.396507240831851959e-03,1.554135326296091080e-02,1.378451846539974213e-02,1.402067113667726517e-02,1.267602294683456421e-02,1.455026306211948395e-02
-1.030000000000000186e-02,8.090620860457420349e-03,1.597609743475914001e-02,1.020561531186103821e-02,9.464500471949577332e-03,6.135322619229555130e-03,8.931690827012062073e-03
-6.079999999999998600e-03,8.289911202155053616e-04,1.130479481071233749e-02,4.500784445554018021e-03,4.403452388942241669e-03,-1.159003353677690029e-03,2.736403606832027435e-03
9.429999999999999147e-03,-9.624862112104892731e-03,7.036002352833747864e-03,2.662200946360826492e-03,3.557247342541813850e-03,-3.755821380764245987e-03,1.054267399013042450e-03
1.299999999999999940e-02,-9.294832125306129456e-03,1.178353466093540192e-02,1.000062562525272369e-02,1.096209231764078140e-02,4.728325176984071732e-03,9.461787529289722443e-03
1.439999999999999961e-02,-2.833812963217496872e-03,1.397404633462429047e-02,9.475693106651306152e-03,8.617162704467773438e-03,4.289346281439065933e-03,8.990393020212650299e-03
-8.890000000000006838e-04,3.477085381746292114e-03,4.196204827167093754e-04,-3.632833249866962433e-03,-6.462690886110067368e-03,-9.819393046200275421e-03,-4.711502231657505035e-03
-3.330000000000000321e-02,1.936463871970772743e-03,-1.453122403472661972e-02,-1.193218491971492767e-02,-1.505227386951446533e-02,-1.651814766228199005e-02,-1.227206829935312271e-02
-4.279999999999999777e-02,-2.465718891471624374e-03,-1.834192685782909393e-02,-1.130192726850509644e-02,-1.409378554672002792e-02,-1.314868591725826263e-02,-1.133448723703622818e-02
-4.810000000000000039e-03,-9.255898185074329376e-04,-9.977588430047035217e-03,-3.619751194491982460e-03,-5.298034287989139557e-03,-3.666574135422706604e-03,-4.197494126856327057e-03
4.510000000000000120e-02,2.742534852586686611e-04,6.687732413411140442e-03,1.247960049659013748e-02,1.319953892379999161e-02,1.433689612895250320e-02,1.258424669504165649e-02
3.910000000000000281e-02,4.129756707698106766e-03,1.611795648932456970e-02,2.061853557825088501e-02,2.172902412712574005e-02,2.186671085655689240e-02,2.025793306529521942e-02
2.999999999999999629e-03,1.101135369390249252e-02,1.381690893322229385e-02,1.391084305942058563e-02,1.457831263542175293e-02,1.216334383934736252e-02,1.183681096881628036e-02
-1.439999999999999787e-02,9.670570492744445801e-03,2.893222495913505554e-03,-7.456496823579072952e-03,-1.005558297038078308e-02,-1.546119339764118195e-02,-1.266726665198802948e-02
-2.160000000000000114e-02,-6.914348807185888290e-03,-9.657149203121662140e-03,-2.742474153637886047e-02,-3.385032340884208679e-02,-3.719787672162055969e-02,-3.318950161337852478e-02
-2.510000000000000078e-02,-1.812062226235866547e-02,-2.494775922968983650e-03,-9.265906177461147308e-03,-1.320555992424488068e-02,-1.309367269277572632e-02,-1.110197976231575012e-02
-1.329999999999999932e-02,-7.148635573685169220e-03,1.070904824882745743e-02,9.676236659288406372e-03,3.550531808286905289e-03,2.840317552909255028e-03,4.111884627491235733e-03
6.409999999999999032e-03,4.403930623084306717e-03,1.007621176540851593e-02,9.577194228768348694e-03,4.124563653022050858e-03,2.751035848632454872e-03,4.144309554249048233e-03
1.980000000000000163e-02,8.034833706915378571e-03,9.420664981007575989e-03,1.615387201309204102e-02,1.567160338163375854e-02,1.361687947064638138e-02,1.514579448848962784e-02
2.819999999999999590e-02,8.121751248836517334e-03,7.077735383063554764e-03,1.720360666513442993e-02,2.101470530033111572e-02,2.098349109292030334e-02,2.022359706461429596e-02
2.690000000000000030e-02,6.171761080622673035e-03,2.047528512775897980e-03,9.691045619547367096e-03,1.512392517179250717e-02,1.726704835891723633e-02,1.377844437956809998e-02
3.289999999999999956e-03,-4.787206125911325216e-04,-4.972823429852724075e-03,-3.122014692053198814e-03,5.868382868357002735e-04,3.359470982104539871e-03,-1.691737677901983261e-03
-2.750000000000000014e-02,-7.598026655614376068e-03,-1.547689922153949738e-02,-1.559242419898509979e-02,-1.498623937368392944e-02,-1.300947554409503937e-02,-1.798303797841072083e-02
-3.130000000000000143e-02,-9.481562301516532898e-03,-2.252662181854248047e-02,-2.297740802168846130e-02,-2.490111440420150757e-02,-2.444252371788024902e-02,-2.774587273597717285e-02
-1.710000000000000062e-02,-7.226494140923023224e-03,-1.133973989635705948e-02,-1.662342064082622528e-02,-1.979633234441280365e-02,-2.071441709995269775e-02,-2.197184413671493530e-02
-1.430000000000000281e-03,-1.717838458716869354e-03,9.583544917404651642e-03,2.588014351204037666e-03,-9.606545972928870469e-06,-2.449698280543088913e-03,-1.915039494633674622e-03
1.340000000000000045e-02,5.802983883768320084e-03,1.761536672711372375e-02,1.294897031038999557e-02,1.114304177463054657e-02,7.314797490835189819e-03,9.756410494446754456e-03
1.629999999999999852e-02,1.126043777912855148e-02,1.490126457065343857e-02,1.450288854539394379e-02,1.372601371258497238e-02,9.180786088109016418e-03,1.341969799250364304e-02
5.890000000000001137e-03,9.271713905036449432e-03,1.264042686671018600e-02,1.440030522644519806e-02,1.483206637203693390e-02,1.136941090226173401e-02,1.634115725755691528e-02
-1.350000000000000288e-03,2.558519132435321808e-03,1.003196369856595993e-02,1.129014696925878525e-02,1.244754623621702194e-02,1.040160562843084335e-02,1.453228853642940521e-02
8.630000000000005939e-04,-3.635184140875935555e-03,3.839473938569426537e-03,7.302144076675176620e-03,8.416691794991493225e-03,8.221032097935676575e-03,1.007442642003297806e-02
5.340000000000000129e-03,-8.727659471333026886e-03,-6.789130275137722492e-04,4.843050148338079453e-03,5.635399371385574341e-03,7.366032805293798447e-03,6.566580850630998611e-03
9.299999999999999239e-03,-6.596756167709827423e-03,-7.437967578880488873e-04,3.166338428854942322e-03,3.539989003911614418e-03,5.228564143180847168e-03,3.152294550091028214e-03
1.499999999999999944e-02,-9.613162255845963955e-04,-2.976943738758563995e-03,-3.216622862964868546e-03,-4.036648198962211609e-03,-4.298807121813297272e-03,-5.598458461463451385e-03
-3.679999999999996750e-04,7.010768167674541473e-04,-1.046379003673791885e-02,-1.382397953420877457e-02,-1.657642051577568054e-02,-1.925059035420417786e-02,-1.826138608157634735e-02
-3.020000000000000115e-02,6.068930379115045071e-04,-1.711773499846458435e-02,-2.144454047083854675e-02,-2.480223216116428375e-02,-2.900778502225875854e-02,-2.642335742712020874e-02
-3.540000000000000091e-02,6.250624428503215313e-04,-1.561433449387550354e-02,-2.193062752485275269e-02,-2.476871944963932037e-02,-2.931127324700355530e-02,-2.629166841506958008e-02
-1.560000000000000275e-02,1.279774733120575547e-04,-5.626406054943799973e-03,-1.389822829514741898e-02,-1.655209995806217194e-02,-2.058371528983116150e-02,-1.744691282510757446e-02
5.590000000000000351e-03,5.693657440133392811e-04,1.264524273574352264e-02,9.368868544697761536e-03,7.786754053086042404e-03,5.933471024036407471e-03,8.279078640043735504e-03
2.249999999999999917e-02,5.456850398331880569e-03,2.602289430797100067e-02,2.505537681281566620e-02,2.251971885561943054e-02,2.310159802436828613e-02,2.425777912139892578e-02
2.960000000000000131e-02,1.048574876040220261e-02,2.769674174487590790e-02,2.777264267206192017e-02,2.462952956557273865e-02,2.692384831607341766e-02,2.671399898827075958e-02
2.699999999999999623e-02,8.275979198515415192e-03,2.213318832218647003e-02,2.324146032333374023e-02,2.124681323766708374e-02,2.287144958972930908e-02,2.356654964387416840e-02
1.499999999999999944e-02,-1.287500606849789619e-03,1.018903311342000961e-02,1.049444358795881271e-02,1.130098849534988403e-02,1.053416728973388672e-02,1.294292882084846497e-02
-1.140000000000000041e-02,-9.774444624781608582e-03,-6.793601438403129578e-03,-6.710202433168888092e-03,-3.859799820929765701e-03,-7.096162531524896622e-03,-3.895710222423076630e-03
-2.850000000000000103e-02,-1.381663884967565536e-02,-2.053997293114662170e-02,-1.949846744537353516e-02,-1.816181279718875885e-02,-2.193424850702285767e-02,-1.949552260339260101e-02
-2.079999999999999558e-02,-9.738964028656482697e-03,-2.401218377053737640e-02,-2.188664861023426056e-02,-2.297311276197433472e-02,-2.637694776058197021e-02,-2.540872618556022644e-02
-2.239999999999999804e-03,-2.944710664451122284e-03,-1.728241518139839172e-02,-1.511829439550638199e-02,-1.586051657795906067e-02,-1.985695026814937592e-02,-1.911108940839767456e-02
-2.290000000000000369e-03,2.605709945783019066e-03,-6.534653250128030777e-03,-5.605591926723718643e-03,-4.950511269271373749e-03,-9.369784966111183167e-03,-7.383319549262523651e-03
-1.490000000000000352e-02,9.172874502837657928e-03,1.333377789705991745e-03,-7.728339405730366707e-04,-6.229499704204499722e-04,-4.451600834727287292e-03,-1.228531007654964924e-03
-5.270000000000001246e-03,1.114798150956630707e-02,1.073993090540170670e-02,4.060155712068080902e-03,2.732752356678247452e-03,1.985789975151419640e-03,4.305102862417697906e-03
1.510000000000000057e-02,6.083509419113397598e-03,1.934724859893321991e-02,1.011934038251638412e-02,8.841981180012226105e-03,1.175935752689838409e-02,1.111326273530721664e-02
2.050000000000000086e-02,-2.812978054862469435e-04,2.357880957424640656e-02,2.111132256686687469e-02,2.212260849773883820e-02,2.586203068494796753e-02,2.324742078781127930e-02
1.839999999999999969e-02,-9.716319618746638298e-04,2.286861650645732880e-02,2.518787421286106110e-02,2.626422233879566193e-02,2.840795181691646576e-02,2.576390281319618225e-02
1.770000000000000046e-02,7.118353969417512417e-04,1.366099249571561813e-02,1.505390368402004242e-02,1.516294293105602264e-02,1.354111917316913605e-02,1.287460792809724808e-02
6.839999999999999726e-03,-3.635663306340575218e-03,1.232327544130384922e-03,-2.096554817399010062e-04,-3.966231888625770807e-04,-5.617327056825160980e-03,-3.114348510280251503e-03
-1.179999999999999973e-02,-9.671218693256378174e-03,-1.045916602015495300e-02,-1.270175818353891373e-02,-1.292715873569250107e-02,-1.837309636175632477e-02,-1.530473213642835617e-02
-2.280000000000000082e-02,-7.346629165112972260e-03,-2.006533555686473846e-02,-2.219826355576515198e-02,-2.245010063052177429e-02,-2.670928463339805603e-02,-2.494372054934501648e-02
-2.189999999999999933e-02,-2.538064261898398399e-03,-2.302597835659980774e-02,-2.547051571309566498e-02,-2.523819915950298309e-02,-2.785872854292392731e-02,-2.736349031329154968e-02
-2.009999999999999634e-02,2.367498200328554958e-05,-1.598270423710346222e-02,-1.578504592180252075e-02,-1.548370439559221268e-02,-1.620055921375751495e-02,-1.665234751999378204e-02
-1.660000000000000017e-02,4.679087549448013306e-03,-1.140157692134380341e-03,-5.498253158293664455e-04,-6.438704440370202065e-04,3.371962520759552717e-04,-1.037759706377983093e-03
4.009999999999999676e-03,8.653303608298301697e-03,1.364205311983823776e-02,1.229525450617074966e-02,1.132883690297603607e-02,1.448723580688238144e-02,1.208250969648361206e-02
2.809999999999999998e-02,8.747197687625885010e-03,2.464490570127964020e-02,2.162743546068668365e-02,1.999228820204734802e-02,2.370527759194374084e-02,2.178061567246913910e-02
3.359999999999999792e-02,6.209033541381359100e-03,2.958816662430763245e-02,2.728781476616859436e-02,2.598822303116321564e-02,2.773119509220123291e-02,2.808598801493644714e-02
2.900000000000000147e-02,3.163304412737488747e-03,2.350945957005023956e-02,2.385633252561092377e-02,2.360292896628379822e-02,2.163984626531600952e-02,2.459029480814933777e-02
2.139999999999999888e-02,-1.605912926606833935e-03,7.425954099744558334e-03,6.210229825228452682e-03,6.784548982977867126e-03,-3.659156209323555231e-04,5.591977853327989578e-03
-3.980000000000000898e-03,-1.026851683855056763e-02,-1.032178010791540146e-02,-1.679994910955429077e-02,-1.676121540367603302e-02,-2.538488619029521942e-02,-1.842509582638740540e-02
-4.490000000000000241e-02,-1.512098312377929688e-02,-2.123416028916835785e-02,-2.878164686262607574e-02,-3.007395006716251373e-02,-3.580352291464805603e-02,-3.096629865467548370e-02
-6.469999999999999363e-02,-9.652000851929187775e-03,-2.304062247276306152e-02,-2.937425859272480011e-02,-3.267304226756095886e-02,-3.519636392593383789e-02,-3.289252147078514099e-02
-3.139999999999999736e-02,-1.787054352462291718e-03,-1.479845121502876282e-02,-1.799848489463329315e-02,-2.119101583957672119e-02,-2.142015099525451660e-02,-2.045654878020286560e-02
2.549999999999999836e-02,3.512088675051927567e-03,1.662552240304648876e-03,7.352378219366073608e-03,7.643532007932662964e-03,8.679439313709735870e-03,8.667144924402236938e-03
4.150000000000000216e-02,9.465649724006652832e-03,1.781699992716312408e-02,2.640737779438495636e-02,2.891813777387142181e-02,2.985528670251369476e-02,2.954220771789550781e-02
2.929999999999999966e-02,1.545876357704401016e-02,2.691747248172760010e-02,3.196300938725471497e-02,3.469593822956085205e-02,3.474600613117218018e-02,3.490119799971580505e-02
1.839999999999999969e-02,1.637471094727516174e-02,2.443747408688068390e-02,2.290542796254158020e-02,2.550448663532733917e-02,2.347378246486186981e-02,2.508267946541309357e-02
7.820000000000000562e-03,9.836206445470452309e-04,7.575933355838060379e-03,1.425776514224708080e-03,3.839197335764765739e-03,-1.142475521191954613e-03,1.924733165651559830e-03
-5.980000000000000072e-03,-2.308095246553421021e-02,-9.844184853136539459e-03,-1.039123348891735077e-02,-8.618487976491451263e-03,-1.421899162232875824e-02,-1.119311526417732239e-02
-1.739999999999999880e-02,-1.999512687325477600e-02,-1.057349797338247299e-02,-9.717823006212711334e-03,-1.163935568183660507e-02,-1.646993122994899750e-02,-1.504047028720378876e-02
-1.179999999999999973e-02,-7.899388670921325684e-03,-6.028279662132263184e-03,-1.426290161907672882e-02,-1.919489540159702301e-02,-2.192819491028785706e-02,-2.137273177504539490e-02
-1.039999999999999779e-02,-1.422601984813809395e-03,-6.109769921749830246e-03,-1.612231135368347168e-02,-2.015580050647258759e-02,-2.168138884007930756e-02,-2.013287693262100220e-02
-2.709999999999999909e-02,4.186131991446018219e-03,-7.224672008305788040e-03,-8.797260001301765442e-03,-9.094546549022197723e-03,-1.079821400344371796e-02,-8.201593533158302307e-03
-2.500000000000000139e-02,7.461848668754100800e-03,-4.691958427429199219e-03,1.344028511084616184e-03,3.447312861680984497e-03,1.760248560458421707e-03,4.734423011541366577e-03
-9.440000000000002859e-04,8.256430737674236298e-03,6.987337488681077957e-03,1.111861132085323334e-02,1.279872562736272812e-02,1.139237452298402786e-02,1.391211058944463730e-02
4.019999999999999962e-02,5.722278263419866562e-03,2.510301023721694946e-02,2.664810046553611755e-02,2.931111678481101990e-02,2.796691283583641052e-02,2.939968742430210114e-02
6.569999999999999452e-02,3.312205197289586067e-03,2.678185515105724335e-02,3.505620732903480530e-02,3.740751743316650391e-02,3.616695106029510498e-02,3.675344213843345642e-02
2.740000000000000421e-02,5.411312449723482132e-03,1.551006082445383072e-02,2.641889266669750214e-02,2.807178162038326263e-02,2.607859671115875244e-02,2.652429789304733276e-02
-3.070000000000000159e-02,1.269666710868477821e-03,2.755304099991917610e-03,2.387351589277386665e-03,3.119839821010828018e-03,-9.475538972765207291e-04,2.723214856814593077e-04
-4.340000000000000802e-02,-1.022433675825595856e-02,-1.558419596403837204e-02,-3.005176782608032227e-02,-3.366630151867866516e-02,-3.740990534424781799e-02,-3.612010926008224487e-02
-9.119999999999997900e-03,-1.979174837470054626e-02,-2.456838637590408325e-02,-3.737798333168029785e-02,-4.263712838292121887e-02,-4.316267371177673340e-02,-4.280788078904151917e-02
3.039999999999999300e-03,-1.528968475759029388e-02,-3.104067873209714890e-03,-1.985819544643163681e-03,-5.096911452710628510e-03,-5.383484996855258942e-03,-6.673989817500114441e-03
-2.510000000000000078e-02,3.056022338569164276e-03,4.117676056921482086e-03,8.912727353163063526e-04,-3.566778264939785004e-03,-5.573431495577096939e-03,-3.401538357138633728e-03
-3.309999999999999748e-02,1.437432412058115005e-02,-2.614093711599707603e-03,-3.348977304995059967e-03,-7.078841794282197952e-03,-1.256920676678419113e-02,-6.389780901372432709e-03
-4.319999999999999188e-03,1.399842742830514908e-02,-1.375964202452450991e-04,8.809625287540256977e-04,-2.649699337780475616e-03,-6.656048353761434555e-03,-1.936340777319855988e-05
3.549999999999999684e-02,3.639614442363381386e-03,1.655103452503681183e-02,2.048292942345142365e-02,2.206517755985260010e-02,2.056926302611827850e-02,2.340721338987350464e-02
6.229999999999999427e-02,3.971945989178493619e-05,3.277168422937393188e-02,3.708690404891967773e-02,3.960028290748596191e-02,3.820185735821723938e-02,3.902185708284378052e-02
3.849999999999999950e-02,5.134678911417722702e-03,2.626079134643077850e-02,3.082922659814357758e-02,3.207203000783920288e-02,3.075108863413333893e-02,2.961603738367557526e-02
-1.169999999999999860e-02,4.136572591960430145e-03,2.152553293853998184e-03,8.004830218851566315e-03,9.620329365134239197e-03,6.878409069031476974e-03,4.804509226232767105e-03
-3.239999999999999825e-02,-9.393243119120597839e-03,-2.169143408536911011e-02,-2.433351613581180573e-02,-2.462152019143104553e-02,-2.758386358618736267e-02,-2.966835536062717438e-02
-2.789999999999999772e-02,-2.073937281966209412e-02,-2.798645198345184326e-02,-3.807003051042556763e-02,-4.088263586163520813e-02,-4.177727177739143372e-02,-4.346023127436637878e-02
-2.719999999999999848e-02,-1.703914813697338104e-02,-9.268551133573055267e-03,-1.309984456747770309e-02,-1.587628573179244995e-02,-1.504724565893411636e-02,-1.804129406809806824e-02
-2.560000000000000123e-02,-5.456537473946809769e-04,2.865053538698703051e-04,-1.121942186728119850e-03,-4.902238491922616959e-03,-4.475370980799198151e-03,-5.694033578038215637e-03
7.309999999999999658e-03,1.129768043756484985e-02,-5.385757423937320709e-03,-2.534463768824934959e-03,-4.844964947551488876e-03,-7.002925965934991837e-03,-3.982962574809789658e-03
4.309999999999999942e-02,1.304828468710184097e-02,1.681132242083549500e-03,7.538892794400453568e-03,7.441169116646051407e-03,5.179306492209434509e-03,9.831598028540611267e-03
2.339999999999999719e-02,9.949651546776294708e-03,1.629751361906528473e-02,1.823662407696247101e-02,2.058035507798194885e-02,1.940314657986164093e-02,2.311448380351066589e-02
-1.919999999999999485e-02,7.387269288301467896e-03,2.714001387357711792e-02,2.149122767150402069e-02,2.307179570198059082e-02,2.237059548497200012e-02,2.508365921676158905e-02
-2.110000000000000070e-02,2.251294441521167755e-03,1.782567426562309265e-02,9.169423952698707581e-03,9.065684862434864044e-03,8.057879284024238586e-03,1.002060156315565109e-02
1.370000000000000211e-02,-1.097824517637491226e-02,7.002406055107712746e-04,2.323282882571220398e-03,2.278152387589216232e-03,-3.715441271197050810e-04,1.960902474820613861e-03
3.910000000000000281e-02,-1.844514347612857819e-02,6.625243928283452988e-03,1.844763197004795074e-02,1.999665424227714539e-02,1.580264605581760406e-02,1.758236065506935120e-02
1.069999999999999944e-02,-5.500640254467725754e-03,1.514945831149816513e-02,1.949373260140419006e-02,1.978201046586036682e-02,1.516426075249910355e-02,1.567382365465164185e-02
-2.890000000000000208e-02,7.210518233478069305e-03,1.371248392388224602e-03,-2.149438951164484024e-03,-1.047800178639590740e-03,-7.250410038977861404e-03,-6.255805026739835739e-03
-2.980000000000000357e-02,5.020940676331520081e-03,-2.664133347570896149e-02,-2.811802364885807037e-02,-2.836214378476142883e-02,-3.304068371653556824e-02,-3.109536692500114441e-02
-1.110000000000000223e-02,-5.065160337835550308e-03,-3.527015820145606995e-02,-3.232191130518913269e-02,-3.478245064616203308e-02,-3.411678597331047058e-02,-3.393163904547691345e-02
7.170000000000001025e-03,-6.395739037543535233e-03,-1.016163639724254608e-02,-1.627599587664008141e-03,-3.097390290349721909e-03,3.733225094038061798e-05,-1.897430280223488808e-03
1.329999999999999932e-02,3.674770472571253777e-03,7.690715603530406952e-03,3.577450988814234734e-03,-1.906778663396835327e-03,1.379389432258903980e-04,6.212897133082151413e-04
1.650000000000000425e-03,1.160920970141887665e-02,1.281376276165246964e-02,2.892336109653115273e-03,-5.146226380020380020e-03,-5.685247946530580521e-03,-3.208988346159458160e-03
-1.969999999999999876e-02,8.999777957797050476e-03,1.284376718103885651e-02,5.151864606887102127e-03,-2.030115574598312378e-03,-2.646164735779166222e-03,2.930483606178313494e-04
-1.810000000000000150e-02,1.597825787030160427e-03,1.582502759993076324e-02,7.952542975544929504e-03,4.830399062484502792e-03,3.823563456535339355e-03,5.755035672336816788e-03
1.490000000000000178e-02,-4.136451054364442825e-03,2.366323210299015045e-02,1.766579784452915192e-02,1.799463666975498199e-02,1.505286991596221924e-02,1.692190766334533691e-02
3.540000000000000091e-02,-6.025739014148712158e-03,2.583952620625495911e-02,2.676246874034404755e-02,2.694868296384811401e-02,2.225276082754135132e-02,2.463996969163417816e-02
3.080000000000000099e-02,-9.624827071093022823e-04,1.556519325822591782e-02,2.679943665862083435e-02,2.790279127657413483e-02,2.126505598425865173e-02,2.447299100458621979e-02
1.349999999999999811e-02,4.668833687901496887e-03,-4.218340851366519928e-03,9.102542884647846222e-03,1.275895629078149796e-02,3.789586946368217468e-03,8.239118382334709167e-03
-9.779999999999998764e-03,9.676318150013685226e-04,-2.575934492051601410e-02,-2.357364632189273834e-02,-2.034375071525573730e-02,-2.756810188293457031e-02,-2.266605757176876068e-02
-2.220000000000000445e-02,-1.000209990888834000e-02,-3.728561475872993469e-02,-4.191604629158973694e-02,-4.314683377742767334e-02,-4.365314915776252747e-02,-4.173566028475761414e-02
-3.189999999999999780e-02,-9.423471987247467041e-03,-3.021022491157054901e-02,-3.478835150599479675e-02,-3.938677906990051270e-02,-3.478763252496719360e-02,-3.700829297304153442e-02
-4.719999999999999890e-02,-2.759733237326145172e-03,-1.411433890461921692e-02,-2.143438905477523804e-02,-2.828406170010566711e-02,-2.214648947119712830e-02,-2.517302148044109344e-02
-4.169999999999999402e-02,4.289878997951745987e-03,4.113976843655109406e-03,-4.574823658913373947e-03,-9.600228630006313324e-03,-5.405224394053220749e-03,-7.214682176709175110e-03
1.239999999999999956e-02,1.010965462774038315e-02,2.154139429330825806e-02,1.509668957442045212e-02,1.576006226241588593e-02,1.574862003326416016e-02,1.580545678734779358e-02
7.599999999999999811e-02,1.037136837840080261e-02,3.508643805980682373e-02,3.382235392928123474e-02,3.760640695691108704e-02,3.579234704375267029e-02,3.690960630774497986e-02
8.300000000000000433e-02,9.568911977112293243e-03,4.089132696390151978e-02,4.335396364331245422e-02,4.719882830977439880e-02,4.367212206125259399e-02,4.624327644705772400e-02
2.459999999999999687e-02,1.067473925650119781e-02,3.307040408253669739e-02,3.804313391447067261e-02,4.180826246738433838e-02,3.585276380181312561e-02,4.015851765871047974e-02
-2.970000000000000070e-02,2.331268973648548126e-03,1.065661781467497349e-03,6.143015809357166290e-03,8.515355177223682404e-03,-7.301999139599502087e-04,5.972221028059720993e-03
-4.609999999999999515e-02,-2.528991363942623138e-02,-3.896358236670494080e-02,-4.009837657213211060e-02,-4.099140688776969910e-02,-4.541371390223503113e-02,-4.056263342499732971e-02
-3.370000000000000079e-02,-3.551651909947395325e-02,-3.899445757269859314e-02,-3.634398058056831360e-02,-3.702120855450630188e-02,-3.433554247021675110e-02,-3.400975838303565979e-02
-2.369999999999999538e-02,-1.632810197770595551e-02,-1.030007610097527504e-03,5.843522027134895325e-03,7.462662179023027420e-03,9.570379741489887238e-03,3.812917973846197128e-03
-8.859999999999999820e-03,6.037455983459949493e-03,-4.193932982161641121e-04,-4.487365484237670898e-03,-1.556037692353129387e-03,2.776328241452574730e-03,-2.227118937298655510e-03
1.590000000000000094e-02,1.520504057407379150e-02,-6.941740401089191437e-03,4.298021551221609116e-03,7.162452675402164459e-03,6.785941310226917267e-03,5.424440372735261917e-03
1.990000000000000102e-02,1.576350629329681396e-02,1.231459085829555988e-03,1.438650116324424744e-02,1.705578528344631195e-02,1.726460829377174377e-02,1.640257053077220917e-02
2.639999999999999552e-03,1.045429985970258713e-02,2.214879542589187622e-02,2.403891645371913910e-02,2.756499685347080231e-02,2.718082629144191742e-02,2.569688111543655396e-02
1.330000000000000453e-03,4.847742617130279541e-03,3.178662434220314026e-02,2.525830455124378204e-02,2.810319140553474426e-02,2.627865411341190338e-02,2.450942806899547577e-02
1.980000000000000163e-02,-4.321349784731864929e-03,1.909399963915348053e-02,1.707047782838344574e-02,2.091308124363422394e-02,1.612155139446258545e-02,1.489065121859312057e-02
2.549999999999999836e-02,-1.317940093576908112e-02,2.039672574028372765e-03,1.231453008949756622e-02,1.706929132342338562e-02,1.035399734973907471e-02,1.070874277502298355e-02
7.810000000000000102e-03,-9.532113559544086456e-03,6.338228005915880203e-03,9.839146398007869720e-03,1.163460873067378998e-02,5.256292875856161118e-03,6.381717510521411896e-03
-1.940000000000000058e-02,-2.673626178875565529e-03,7.005556952208280563e-03,-6.772597786039113998e-03,-8.198160678148269653e-03,-1.545616146177053452e-02,-1.330709550529718399e-02
-3.719999999999999696e-02,-1.609494094736874104e-03,-1.088840886950492859e-02,-2.601845376193523407e-02,-2.834391593933105469e-02,-3.434104099869728088e-02,-3.162952512502670288e-02
-2.089999999999999844e-02,-3.987915348261594772e-03,-2.623121440410614014e-02,-2.590331807732582092e-02,-2.754549682140350342e-02,-2.942168712615966797e-02,-2.863103710114955902e-02
5.320000000000000076e-03,-1.763190492056310177e-03,-1.846841722726821899e-02,-9.395381435751914978e-03,-1.096106693148612976e-02,-1.014112494885921478e-02,-1.161589939147233963e-02
9.060000000000000345e-03,4.740147385746240616e-03,-2.342111431062221527e-03,3.973224200308322906e-03,1.464565168134868145e-03,2.390513196587562561e-03,7.305354811251163483e-04
4.320000000000000055e-03,1.000814512372016907e-02,1.109595410525798798e-02,1.119357161223888397e-02,7.078291848301887512e-03,6.191006861627101898e-03,6.176085676997900009e-03
1.099999999999999936e-02,1.155528146773576736e-02,1.552621275186538696e-02,1.042156107723712921e-02,3.842901904135942459e-03,1.486558994656661525e-05,3.228324232622981071e-03
2.320000000000000187e-02,3.619745839387178421e-03,1.486898399889469147e-02,8.758111856877803802e-03,3.144639311358332634e-03,-3.676823107525706291e-03,2.512950217351317406e-03
9.870000000000000301e-03,-6.927771028131246567e-03,1.657894067466259003e-02,8.517261594533920288e-03,4.726965911686420441e-03,-3.323620883747935295e-03,4.641597624868154526e-03
-1.599999999999999686e-02,-6.321408320218324661e-03,1.476491522043943405e-02,4.585888702422380447e-03,-1.995538594201207161e-03,-8.161752484738826752e-03,8.727360400371253490e-04
-1.619999999999999912e-02,-4.177735652774572372e-03,3.962819930166006088e-03,-4.456874914467334747e-03,-1.495118346065282822e-02,-1.909221708774566650e-02,-9.598486125469207764e-03
-1.169999999999999860e-02,-4.900565836578607559e-03,-5.982473026961088181e-03,-9.724915958940982819e-03,-1.987974718213081360e-02,-2.200314588844776154e-02,-1.308046188205480576e-02
-6.409999999999999032e-03,-3.967368975281715393e-03,-2.995739225298166275e-03,1.089516677893698215e-03,-3.966660704463720322e-03,-4.301877226680517197e-03,2.137129427865147591e-03
1.160000000000000094e-02,1.889856765046715736e-03,-2.140083379345014691e-04,6.149363704025745392e-03,4.068939480930566788e-03,4.498207010328769684e-03,8.907551877200603485e-03
