1.060000000000000000e+02,1.073820877075195312e+01,5.765454483032226562e+01,9.162525939941406250e+01,9.929049682617187500e+01,9.199861907958984375e+01,9.661206817626953125e+01
1.990000000000000000e+02,1.878325843811035156e+01,6.063185882568359375e+01,1.002150878906250000e+02,1.142662887573242188e+02,9.901372528076171875e+01,1.045064468383789062e+02
1.830000000000000000e+02,3.335222244262695312e+01,4.817673110961914062e+01,7.527920532226562500e+01,9.465299224853515625e+01,7.377473449707031250e+01,8.175406646728515625e+01
1.519999999999999574e+01,3.752201461791992188e+01,6.590099334716796875e+00,1.300912284851074219e+01,3.429419326782226562e+01,1.277470779418945312e+01,1.931158638000488281e+01
-1.090000000000000142e+02,3.034357833862304688e+01,-5.854409027099609375e+01,-7.426502990722656250e+01,-5.828323745727539062e+01,-7.254707336425781250e+01,-7.223976135253906250e+01
-1.559999999999999716e+02,8.319724082946777344e+00,-1.050635604858398438e+02,-1.414229583740234375e+02,-1.315932769775390625e+02,-1.370037841796875000e+02,-1.426702575683593750e+02
-1.970000000000000000e+02,-9.278426170349121094e+00,-1.031753234863281250e+02,-1.568469696044921875e+02,-1.530926361083984375e+02,-1.494665069580078125e+02,-1.593339843750000000e+02
-2.100000000000000000e+02,-1.919869804382324219e+01,-5.655529022216796875e+01,-1.003646545410156250e+02,-1.055804519653320312e+02,-9.060488128662109375e+01,-1.025844650268554688e+02
-1.120000000000000000e+02,-2.444547080993652344e+01,2.976873207092285156e+01,3.398451995849609375e+01,2.673230934143066406e+01,4.089816284179687500e+01,2.840412712097167969e+01
1.660000000000000000e+02,-1.953745269775390625e+01,1.131765060424804688e+02,1.437439270019531250e+02,1.442692260742187500e+02,1.471199035644531250e+02,1.327241363525390625e+02
2.810000000000000000e+02,6.705469131469726562e+00,1.516755523681640625e+02,1.913743591308593750e+02,1.968075408935546875e+02,1.942716827392578125e+02,1.855128631591796875e+02
2.290000000000000000e+02,7.104002380371093750e+01,1.464177856445312500e+02,1.914914093017578125e+02,1.973834991455078125e+02,1.883698272705078125e+02,1.839327850341796875e+02
1.570000000000000000e+02,1.332931060791015625e+02,9.314836883544921875e+01,1.435257568359375000e+02,1.423654174804687500e+02,1.260707778930664062e+02,1.286545104980468750e+02
1.010000000000000142e+02,1.092696685791015625e+02,-8.971353530883789062e+00,3.296141815185546875e+01,2.626170158386230469e+01,5.163660526275634766e+00,1.465583610534667969e+01
-2.939999999999999858e+01,4.831866836547851562e+01,-1.189179000854492188e+02,-1.162371215820312500e+02,-1.074863662719726562e+02,-1.311563568115234375e+02,-1.237158737182617188e+02
-2.370000000000000000e+02,7.352636337280273438e+00,-1.832295379638671875e+02,-2.147447814941406250e+02,-1.920834960937500000e+02,-2.114436187744140625e+02,-2.126408233642578125e+02
-3.070000000000000000e+02,-2.007513809204101562e+01,-1.736078338623046875e+02,-2.249455871582031250e+02,-2.069103851318359375e+02,-2.136885528564453125e+02,-2.239904937744140625e+02
-2.199999999999999716e+02,-2.822534751892089844e+01,-9.934934234619140625e+01,-1.338390655517578125e+02,-1.369690704345703125e+02,-1.196072921752929688e+02,-1.386498718261718750e+02
-9.659999999999998010e+01,-2.665536117553710938e+01,-1.244074249267578125e+01,1.201910972595214844e+01,-5.416410923004150391e+00,1.423171901702880859e+01,7.521405696868896484e+00
8.690000000000000568e+01,-1.783471870422363281e+01,4.897713851928710938e+01,1.099171600341796875e+02,8.847090148925781250e+01,1.049107055664062500e+02,1.035446701049804688e+02
2.650000000000000000e+02,-2.398400306701660156e+00,9.926802825927734375e+01,1.899414672851562500e+02,1.794468078613281250e+02,1.932255249023437500e+02,1.901111450195312500e+02
3.550000000000000000e+02,3.474883651733398438e+01,1.432422943115234375e+02,2.307514038085937500e+02,2.301642150878906250e+02,2.347605285644531250e+02,2.334983978271484375e+02
2.600000000000000000e+02,1.284794464111328125e+02,1.520259399414062500e+02,2.184907684326171875e+02,2.185295104980468750e+02,2.131165008544921875e+02,2.207658233642578125e+02
1.090000000000000142e+02,1.870004577636718750e+02,8.287419128417968750e+01,1.380669250488281250e+02,1.357127838134765625e+02,1.183996047973632812e+02,1.413137512207031250e+02
-4.929999999999999716e+01,1.134562377929687500e+02,-7.524286651611328125e+01,-3.968821334838867188e+01,-2.799952125549316406e+01,-5.518204879760742188e+01,-2.317457199096679688e+01
-1.550000000000000000e+02,1.719164276123046875e+01,-1.981884613037109375e+02,-2.025887603759765625e+02,-1.736710205078125000e+02,-1.993845214843750000e+02,-1.807925567626953125e+02
-1.579999999999999716e+02,-2.071738815307617188e+01,-2.151261596679687500e+02,-2.375453796386718750e+02,-2.091679229736328125e+02,-2.264556579589843750e+02,-2.153389129638671875e+02
-1.019999999999999858e+02,-2.964467048645019531e+01,-1.481889801025390625e+02,-1.411134185791015625e+02,-1.226857147216796875e+02,-1.157478027343750000e+02,-1.135361099243164062e+02
6.570000000000002061e+00,-3.066582107543945312e+01,-4.157140350341796875e+01,2.037138366699218750e+01,2.628759574890136719e+01,2.881345748901367188e+01,1.176889514923095703e+01
7.900000000000000000e+01,-2.196238327026367188e+01,3.898419570922851562e+01,9.563896179199218750e+01,9.471430969238281250e+01,8.731154632568359375e+01,7.855493164062500000e+01
2.760000000000000142e+01,5.613200664520263672e+00,7.832897949218750000e+01,1.374137420654296875e+02,1.314260406494140625e+02,1.339194793701171875e+02,1.220582199096679688e+02
1.850000000000000000e+01,5.304219818115234375e+01,9.252936553955078125e+01,1.600011291503906250e+02,1.527416534423828125e+02,1.574209594726562500e+02,1.419038085937500000e+02
9.890000000000001990e+01,7.739395141601562500e+01,1.059538192749023438e+02,1.545522613525390625e+02,1.500327606201171875e+02,1.478683013916015625e+02,1.382713623046875000e+02
7.609999999999999432e+01,6.201348876953125000e+01,9.934605407714843750e+01,1.179867324829101562e+02,1.187888641357421875e+02,1.078412246704101562e+02,1.094794845581054688e+02
-2.120000000000000284e+01,3.199798965454101562e+01,4.649388504028320312e+01,6.018066406250000000e+01,6.946485137939453125e+01,5.103729629516601562e+01,6.360977935791015625e+01
-6.590000000000000568e+01,6.154822349548339844e+00,-2.755805778503417969e+01,-6.829510629177093506e-02,2.122023963928222656e+01,1.292628288269042969e+00,1.666247558593750000e+01
7.290000000000020908e-01,-5.939623832702636719e+00,-7.581995391845703125e+01,-4.257232666015625000e+01,-1.672502708435058594e+01,-2.954154205322265625e+01,-2.125928115844726562e+01
-3.259999999999999432e+01,-7.469319343566894531e+00,-9.372386932373046875e+01,-6.565286254882812500e+01,-4.586833953857421875e+01,-4.686632156372070312e+01,-4.611417007446289062e+01
-1.120000000000000000e+02,-6.488531589508056641e+00,-9.682018280029296875e+01,-8.340587615966796875e+01,-7.610317230224609375e+01,-6.453588104248046875e+01,-6.995366668701171875e+01
1.430000000000000249e+01,-9.290675163269042969e+00,-7.789652252197265625e+01,-8.105707550048828125e+01,-8.712068176269531250e+01,-6.688914489746093750e+01,-8.010226440429687500e+01
6.470000000000000284e+01,-9.107180595397949219e+00,-2.431352233886718750e+01,-3.143188476562500000e+01,-5.096034240722656250e+01,-2.677881050109863281e+01,-4.456704330444335938e+01
8.679999999999997939e+00,2.727552652359008789e+00,4.443726348876953125e+01,3.156303977966308594e+01,-5.407847881317138672e+00,2.085607910156250000e+01,-1.862994313240051270e+00
1.089999999999998082e+00,2.283394432067871094e+01,9.125362396240234375e+01,6.306920242309570312e+01,1.868109703063964844e+01,4.215995407104492188e+01,1.193573570251464844e+01
6.679999999999999716e+01,2.658270072937011719e+01,1.038845977783203125e+02,7.869332885742187500e+01,3.825083160400390625e+01,5.436620712280273438e+01,2.016852188110351562e+01
6.459999999999999432e+01,3.230147552490234375e+01,7.911611175537109375e+01,7.375955200195312500e+01,4.220195388793945312e+01,4.877639770507812500e+01,1.757363700866699219e+01
-6.530000000000005578e+00,3.503522491455078125e+01,2.165459442138671875e+01,3.197224998474121094e+01,2.269525909423828125e+01,1.980326843261718750e+01,-4.568742752075195312e+00
-3.279999999999999005e+01,1.015530586242675781e+01,-3.239661026000976562e+01,-1.311804771423339844e+01,6.313873529434204102e-01,-7.133191108703613281e+00,-2.589093780517578125e+01
-3.920000000000000284e+01,-4.579373359680175781e+00,-5.548036193847656250e+01,-2.298819351196289062e+01,-1.958849787712097168e+00,-8.804050445556640625e+00,-2.199605941772460938e+01
-4.910000000000000142e+01,-5.530047416687011719e+00,-5.006145477294921875e+01,-1.851223182678222656e+01,7.405565738677978516e+00,2.804601430892944336e+00,-3.678612947463989258e+00
5.789999999999999858e+01,8.705435991287231445e-01,-3.971497726440429688e+01,-3.796063613891601562e+01,-7.713836193084716797e+00,-1.082164192199707031e+01,-1.478241062164306641e+01
5.400000000000000000e+01,-5.108852982521057129e-01,-3.202211380004882812e+01,-5.106502532958984375e+01,-2.443523597717285156e+01,-2.722085762023925781e+01,-2.772074127197265625e+01
-6.479999999999999716e+01,-2.654728651046752930e+00,-1.166161346435546875e+01,-2.960368537902832031e+01,-1.300306510925292969e+01,-1.656023979187011719e+01,-1.001749515533447266e+01
-9.800000000000000000e+01,2.127937793731689453e+00,2.192924499511718750e+01,9.515815734863281250e+00,1.338193511962890625e+01,9.695728302001953125e+00,2.303722000122070312e+01
9.769999999999998863e+01,5.614496231079101562e+00,5.127144622802734375e+01,4.917637634277343750e+01,4.665469741821289062e+01,4.057337951660156250e+01,5.661124420166015625e+01
1.440000000000000000e+02,1.375425243377685547e+01,6.932975006103515625e+01,8.333332061767578125e+01,6.655925750732421875e+01,5.708424758911132812e+01,7.152992248535156250e+01
5.300000000000000000e+01,2.917352104187011719e+01,6.562113189697265625e+01,7.216091918945312500e+01,5.553056716918945312e+01,4.090759658813476562e+01,5.305530166625976562e+01
-1.310000000000000320e+01,1.930772018432617188e+01,3.801116561889648438e+01,1.705692100524902344e+01,3.345100021362304688e+01,1.464115333557128906e+01,2.423902130126953125e+01
3.810000000000000142e+01,6.191313743591308594e+00,3.722635507583618164e+00,-9.026771545410156250e+00,1.901597213745117188e+01,2.973787307739257812e+00,1.455402660369873047e+01
-1.349999999999999645e+01,4.705971240997314453e+00,-2.297026443481445312e+01,-1.295238494873046875e+01,6.088973522186279297e+00,3.350285530090332031e+00,2.090639114379882812e+01
-6.470000000000000284e+01,1.227728366851806641e+01,-3.741528320312500000e+01,-4.105168914794921875e+01,-3.908668518066406250e+01,-2.215532302856445312e+01,-6.910597801208496094e+00
-5.450000000000000711e+01,6.463558673858642578e-01,-3.673225021362304688e+01,-5.838122177124023438e+01,-8.208580780029296875e+01,-5.123395156860351562e+01,-4.647971725463867188e+01
-5.950000000000000000e+01,-8.754705429077148438e+00,-2.031955909729003906e+01,-3.496062850952148438e+01,-7.196758270263671875e+01,-4.367437744140625000e+01,-4.451035690307617188e+01
-3.200000000000000711e+01,-8.939583778381347656e+00,9.131966590881347656e+00,1.388203811645507812e+01,-1.645361137390136719e+01,2.196009159088134766e+00,3.909196615219116211e+00
3.920000000000000284e+01,-2.946907520294189453e+00,3.725378036499023438e+01,5.231754302978515625e+01,3.273573684692382812e+01,4.425831222534179688e+01,4.538624954223632812e+01
1.260000000000000000e+02,2.161699235439300537e-01,6.529733276367187500e+01,8.173799133300781250e+01,7.516442108154296875e+01,7.822461700439453125e+01,7.282928466796875000e+01
1.320000000000000000e+02,1.691208267211914062e+01,8.477668762207031250e+01,8.568216705322265625e+01,9.137767028808593750e+01,8.687983703613281250e+01,7.890367889404296875e+01
-3.960000000000009068e-01,4.514821624755859375e+01,7.010432434082031250e+01,4.743600845336914062e+01,5.982771682739257812e+01,5.075492858886718750e+01,4.139807128906250000e+01
-8.119999999999998863e+01,4.506577682495117188e+01,1.704366493225097656e+01,-1.965271949768066406e+01,-5.608405113220214844e+00,-1.353855323791503906e+01,-2.376531410217285156e+01
-6.729999999999998295e+01,1.991176605224609375e+01,-4.327097702026367188e+01,-7.808661651611328125e+01,-7.047036743164062500e+01,-6.821700286865234375e+01,-7.817658996582031250e+01
-1.009999999999999432e+01,2.437406301498413086e+00,-6.707936859130859375e+01,-1.036630706787109375e+02,-1.058739166259765625e+02,-9.055140686035156250e+01,-1.023166351318359375e+02
-2.590000000000000213e+01,-9.648214340209960938e+00,-5.107873153686523438e+01,-8.627862548828125000e+01,-1.014363098144531250e+02,-6.994528961181640625e+01,-8.648572540283203125e+01
-1.160000000000000142e+02,-1.703472137451171875e+01,-7.740990161895751953e+00,-2.070020675659179688e+01,-4.210150146484375000e+01,-3.624326944351196289e+00,-2.443628883361816406e+01
-5.119999999999998863e+01,-1.378789997100830078e+01,3.558326721191406250e+01,4.973317718505859375e+01,3.817123413085937500e+01,5.980714035034179688e+01,3.873458099365234375e+01
1.940000000000000000e+02,2.924215793609619141e+00,5.989758682250976562e+01,8.986576843261718750e+01,8.996076965332031250e+01,9.135995483398437500e+01,7.970044708251953125e+01
1.930000000000000000e+02,2.967798042297363281e+01,5.384623718261718750e+01,9.256185150146484375e+01,9.629689788818359375e+01,8.843350219726562500e+01,8.232228088378906250e+01
7.579999999999999716e+01,5.370964050292968750e+01,2.753342056274414062e+01,5.601350402832031250e+01,6.308386611938476562e+01,4.804864883422851562e+01,4.285350036621093750e+01
-3.279999999999999005e+01,3.359217834472656250e+01,5.818798065185546875e+00,6.269535064697265625e+00,2.516195678710937500e+01,6.720297932624816895e-01,-2.896465063095092773e+00
-4.419999999999999041e+00,1.285967826843261719e+01,-1.025058078765869141e+01,-3.341994094848632812e+01,-6.666145324707031250e-01,-2.966323280334472656e+01,-2.958135604858398438e+01
9.329999999999999716e+01,1.073520374298095703e+01,-3.342844009399414062e+01,-6.552243041992187500e+01,-3.115275192260742188e+01,-5.249659347534179688e+01,-4.987855148315429688e+01
-3.000000000000000000e+01,5.212420463562011719e+00,-5.177177047729492188e+01,-9.151589202880859375e+01,-7.401385498046875000e+01,-7.753858947753906250e+01,-7.888009643554687500e+01
-1.740000000000000284e+02,-1.179496192932128906e+01,-4.569903564453125000e+01,-8.377359771728515625e+01,-9.617700195312500000e+01,-7.761377716064453125e+01,-8.713291168212890625e+01
-6.449999999999998579e+01,-1.712426567077636719e+01,-1.924392318725585938e+01,-2.606715202331542969e+01,-5.242848968505859375e+01,-2.475006484985351562e+01,-2.976050758361816406e+01
7.679999999999999716e+01,-1.368345737457275391e+01,1.760671615600585938e+01,5.150554656982421875e+01,3.444524383544921875e+01,5.414407348632812500e+01,6.386761856079101562e+01
6.859999999999999432e+01,3.083505392074584961e+00,4.765940093994140625e+01,8.593607330322265625e+01,7.889392852783203125e+01,8.444050598144531250e+01,9.719231414794921875e+01
7.330000000000001847e+00,1.627546501159667969e+01,7.357742309570312500e+01,1.016624832153320312e+02,1.002308425903320312e+02,9.421260833740234375e+01,1.060846633911132812e+02
1.140000000000000000e+02,1.640323448181152344e+01,9.603720855712890625e+01,1.132535018920898438e+02,1.122863006591796875e+02,1.007031402587890625e+02,1.104280242919921875e+02
1.450000000000000000e+02,2.938017654418945312e+01,8.600700378417968750e+01,1.034703521728515625e+02,1.034233627319335938e+02,8.843311309814453125e+01,1.036515121459960938e+02
2.200000000000000000e+01,3.658642959594726562e+01,3.683776855468750000e+01,6.316173553466796875e+01,7.301974487304687500e+01,5.203690719604492188e+01,7.676850891113281250e+01
-3.429999999999999716e+01,2.634513092041015625e+01,-2.191356277465820312e+01,-5.796109199523925781e+00,1.230642223358154297e+01,-8.939765930175781250e+00,1.534195995330810547e+01
-8.829999999999999716e+01,5.279639720916748047e+00,-5.757149124145507812e+01,-6.891870117187500000e+01,-5.278520202636718750e+01,-6.617638397216796875e+01,-5.102119827270507812e+01
-1.590000000000000284e+02,-7.743062496185302734e+00,-5.950674057006835938e+01,-9.044023895263671875e+01,-8.163986968994140625e+01,-8.321955108642578125e+01,-7.604891967773437500e+01
-5.920000000000000995e+01,-7.624297618865966797e+00,-4.959569168090820312e+01,-8.821642303466796875e+01,-8.945282745361328125e+01,-7.609825897216796875e+01,-7.677258300781250000e+01
3.610000000000000142e+01,-1.506300830841064453e+01,-2.115707778930664062e+01,-4.868515777587890625e+01,-5.772544860839843750e+01,-3.562197113037109375e+01,-4.714020919799804688e+01
5.889999999999999858e+01,-1.736181068420410156e+01,3.965135574340820312e+01,3.640422821044921875e+01,3.113057136535644531e+01,4.976957321166992188e+01,3.058210945129394531e+01
7.529999999999999716e+01,-1.458063125610351562e+00,9.135505676269531250e+01,9.402966308593750000e+01,9.110451507568359375e+01,1.040626373291015625e+02,8.058369445800781250e+01
1.110000000000000000e+02,2.747883605957031250e+01,1.092606964111328125e+02,1.140458068847656250e+02,1.085613098144531250e+02,1.149949111938476562e+02,8.773237609863281250e+01
8.220000000000000284e+01,5.647687149047851562e+01,9.353135681152343750e+01,1.025484695434570312e+02,9.489671325683593750e+01,9.360848999023437500e+01,6.767124176025390625e+01
6.250000000000001776e+00,7.231913757324218750e+01,4.009889602661132812e+01,4.818094635009765625e+01,4.137806320190429688e+01,3.355467987060546875e+01,1.033674621582031250e+01
-2.810000000000000142e+01,3.837450790405273438e+01,-3.024357986450195312e+01,-3.447504425048828125e+01,-3.349023056030273438e+01,-4.395983123779296875e+01,-6.633074951171875000e+01
-6.950000000000004619e+00,-1.404343843460083008e-01,-7.397678375244140625e+01,-9.007831573486328125e+01,-7.601146697998046875e+01,-8.450358581542968750e+01,-1.051725997924804688e+02
-5.499999999999998579e+01,-1.433342075347900391e+01,-7.312950897216796875e+01,-7.798312377929687500e+01,-5.505746078491210938e+01,-5.705908203125000000e+01,-7.539934539794921875e+01
-5.450000000000000711e+01,-1.329453849792480469e+01,-3.961440277099609375e+01,-4.549795532226562500e+01,-2.639784812927246094e+01,-2.137518310546875000e+01,-4.445923995971679688e+01
1.589999999999999858e+01,-9.944223403930664062e+00,-7.877159118652343750e+00,-2.757591247558593750e+01,-1.863722991943359375e+01,-1.097638607025146484e+01,-3.274432754516601562e+01
3.629999999999999716e+01,-2.710117816925048828e+00,4.515323638916015625e+00,-1.180567836761474609e+01,-1.345951271057128906e+01,-3.316979169845581055e+00,-1.389995002746582031e+01
3.370000000000002327e+00,1.109657001495361328e+01,1.210684204101562500e+01,3.842677116394042969e+00,-1.055475234985351562e+01,1.843934893608093262e+00,1.441119074821472168e+00
-4.829999999999999005e+01,1.319055557250976562e+01,3.103165626525878906e+01,3.093634986877441406e+01,1.415368938446044922e+01,2.219337081909179688e+01,2.977562522888183594e+01
1.550000000000000178e+01,7.896183490753173828e+00,6.149019622802734375e+01,6.662303161621093750e+01,5.899972915649414062e+01,6.003303527832031250e+01,7.177561187744140625e+01
1.530000000000000000e+02,1.644055175781250000e+01,8.444300079345703125e+01,8.329372406005859375e+01,8.598787689208984375e+01,7.861788940429687500e+01,9.191925811767578125e+01
8.129999999999999716e+01,2.426473808288574219e+01,7.603621673583984375e+01,7.040637969970703125e+01,8.251867675781250000e+01,6.682292175292968750e+01,8.089322662353515625e+01
-6.889999999999999147e+01,2.086572837829589844e+01,3.308177185058593750e+01,3.658442306518554688e+01,5.336507415771484375e+01,3.321461105346679688e+01,4.658561325073242188e+01
-5.679999999999999716e+01,9.616136550903320312e+00,-2.125419044494628906e+01,2.813784599304199219e+00,2.199966049194335938e+01,-3.052937239408493042e-02,1.399633407592773438e+01
-7.580000000000002736e+00,2.496539950370788574e-01,-4.977676391601562500e+01,-1.660210609436035156e+01,8.481954574584960938e+00,-1.320900154113769531e+01,3.880709886550903320e+00
-1.119999999999999574e+01,2.600924074649810791e-01,-5.408408355712890625e+01,-3.107369995117187500e+01,-1.808345079421997070e+00,-1.843981361389160156e+01,-1.243675231933593750e+00
-1.960000000000000142e+01,-1.268852472305297852e+00,-3.972998809814453125e+01,-3.983213806152343750e+01,-1.889921569824218750e+01,-2.476850700378417969e+01,-1.607477951049804688e+01
4.800000000000000000e+01,-8.093822479248046875e+00,-1.680255651473999023e+00,-2.135009193420410156e+01,-2.022681045532226562e+01,-1.366526222229003906e+01,-1.716300201416015625e+01
7.559999999999999432e+01,-4.736558437347412109e+00,3.527851486206054688e+01,1.626022911071777344e+01,3.504401445388793945e+00,1.779926300048828125e+01,1.168775749206542969e+01
-2.489999999999998881e+00,8.476061820983886719e+00,4.974293518066406250e+01,3.788916778564453125e+01,2.558588981628417969e+01,3.949779891967773438e+01,3.552257537841796875e+01
5.980000000000009752e-01,2.004507064819335938e+01,5.054121398925781250e+01,3.413619995117187500e+01,2.417561531066894531e+01,3.537062454223632812e+01,2.576938247680664062e+01
3.239999999999999858e+01,2.232385063171386719e+01,4.328979492187500000e+01,1.967213058471679688e+01,1.299752998352050781e+01,1.963466072082519531e+01,4.903253555297851562e+00
-4.020000000000000284e+01,1.947180175781250000e+01,2.877958679199218750e+01,1.266799449920654297e+00,-5.087671875953674316e-01,1.801687121391296387e+00,-1.374808025360107422e+01
-8.340000000000001990e+01,1.389964485168457031e+01,5.610342979431152344e+00,-2.132801246643066406e+01,-1.666481018066406250e+01,-1.569363880157470703e+01,-2.980156135559082031e+01
4.320000000000000284e+01,-3.424683094024658203e+00,-8.373042106628417969e+00,-1.388462829589843750e+01,-7.368866920471191406e+00,-2.680870056152343750e+00,-1.299985980987548828e+01
1.210000000000000000e+02,-1.166946601867675781e+01,6.346185684204101562e+00,3.260529708862304688e+01,3.783663940429687500e+01,4.917604827880859375e+01,4.302365112304687500e+01
6.559999999999999432e+01,-1.724354386329650879e+00,2.635171127319335938e+01,5.359480285644531250e+01,5.508068847656250000e+01,7.391611480712890625e+01,6.802220153808593750e+01
-2.350000000000000355e+01,1.349238777160644531e+01,2.782048034667968750e+01,3.645654296875000000e+01,3.714260101318359375e+01,5.483303070068359375e+01,4.702063751220703125e+01
2.889999999999999858e+01,2.168338203430175781e+01,8.466422080993652344e+00,9.546550750732421875e+00,7.221429824829101562e+00,1.324196243286132812e+01,5.203760623931884766e+00
7.609999999999999432e+01,2.698427009582519531e+01,-1.804165267944335938e+01,-2.716962623596191406e+01,-3.769878005981445312e+01,-3.735893249511718750e+01,-4.480828857421875000e+01
-4.850000000000000000e+01,1.896556472778320312e+01,-3.651085281372070312e+01,-6.731847381591796875e+01,-7.652613830566406250e+01,-7.839163970947265625e+01,-8.751816558837890625e+01
-1.790000000000000000e+02,-3.289283275604248047e+00,-2.804464530944824219e+01,-7.276254272460937500e+01,-7.633804321289062500e+01,-7.875954437255859375e+01,-9.222119903564453125e+01
-8.470000000000004192e+00,-1.457849884033203125e+01,1.312293529510498047e+01,-2.538125801086425781e+01,-2.000880622863769531e+01,-2.160430908203125000e+01,-3.883965301513671875e+01
1.160000000000000142e+02,-1.173867797851562500e+01,6.188261795043945312e+01,3.674339294433593750e+01,5.102490234375000000e+01,4.612100219726562500e+01,3.074052429199218750e+01
5.270000000000000284e+01,5.700479507446289062e+00,7.707018280029296875e+01,5.722461318969726562e+01,6.781320190429687500e+01,6.154224777221679688e+01,4.938690185546875000e+01
-6.309999999999999432e+01,1.571329307556152344e+01,5.949238586425781250e+01,5.953156280517578125e+01,5.674684143066406250e+01,5.816149139404296875e+01,4.885859680175781250e+01
7.079999999999999716e+01,1.200280857086181641e+01,4.072584915161132812e+01,6.808332824707031250e+01,5.569829940795898438e+01,6.403254699707031250e+01,6.017547225952148438e+01
1.169999999999999858e+02,1.804768562316894531e+01,2.907432365417480469e+01,7.134647369384765625e+01,6.205355453491210938e+01,6.722576141357421875e+01,7.344914245605468750e+01
1.540000000000000213e+01,3.259769058227539062e+01,8.983448982238769531e+00,4.291432571411132812e+01,4.557451248168945312e+01,3.970655822753906250e+01,5.421409225463867188e+01
-2.740000000000000568e+01,2.076294136047363281e+01,-1.270123767852783203e+01,-5.939821243286132812e+00,2.099106788635253906e+00,-9.605953216552734375e+00,2.408431053161621094e+00
-1.689999999999999858e+01,2.284487009048461914e+00,-2.489999580383300781e+01,-4.493942642211914062e+01,-3.975884628295898438e+01,-4.898067855834960938e+01,-4.274645996093750000e+01
-3.950000000000000711e+01,-5.125503540039062500e+00,-2.852458763122558594e+01,-5.461976623535156250e+01,-5.154443359375000000e+01,-5.523644256591796875e+01,-4.917173385620117188e+01
-6.320000000000000284e+01,1.305828571319580078e+00,-3.661974334716796875e+01,-6.442597198486328125e+01,-6.161452865600585938e+01,-6.189627838134765625e+01,-5.525512695312500000e+01
-3.220000000000000284e+01,-7.492722511291503906e+00,-2.935517692565917969e+01,-5.558787536621093750e+01,-5.182077789306640625e+01,-5.294833755493164062e+01,-5.158549118041992188e+01
-1.080000000000000293e+00,-1.242483425140380859e+01,1.374673080444335938e+01,-6.098224639892578125e+00,9.312348365783691406e-01,8.898605108261108398e-01,-1.031707406044006348e+00
1.610000000000000142e+01,-1.891959071159362793e+00,5.927256011962890625e+01,4.220326995849609375e+01,4.382581329345703125e+01,5.247811889648437500e+01,5.049163436889648438e+01
5.530000000000000426e+01,1.419233989715576172e+01,7.851358795166015625e+01,6.742324066162109375e+01,5.242688369750976562e+01,7.477671813964843750e+01,7.153117370605468750e+01
5.900000000000000000e+01,2.198378753662109375e+01,7.577423858642578125e+01,8.264968872070312500e+01,5.666936111450195312e+01,8.528400421142578125e+01,8.316270446777343750e+01
6.189999999999999503e+00,2.981413650512695312e+01,6.123876190185546875e+01,7.727084350585937500e+01,5.642915344238281250e+01,7.663277435302734375e+01,7.750445556640625000e+01
-9.229999999999998650e+00,3.481240844726562500e+01,2.697734069824218750e+01,4.262430953979492188e+01,3.555610275268554688e+01,4.032109451293945312e+01,4.405475616455078125e+01
3.470000000000000284e+01,2.012960243225097656e+01,-1.747296905517578125e+01,-1.829833507537841797e+00,2.064076185226440430e+00,-5.331520557403564453e+00,3.631056100130081177e-02
6.029999999999999716e+01,5.504353523254394531e+00,-5.535287857055664062e+01,-3.816765975952148438e+01,-2.788114738464355469e+01,-4.001875305175781250e+01,-3.613912582397460938e+01
-3.259999999999999432e+01,-1.433839440345764160e+00,-6.276281356811523438e+01,-6.171981811523437500e+01,-4.674110794067382812e+01,-6.004461288452148438e+01,-6.141585540771484375e+01
-1.380000000000000000e+02,-8.316105842590332031e+00,-4.839579772949218750e+01,-6.170851516723632812e+01,-4.210177993774414062e+01,-5.666855239868164062e+01,-6.370616912841796875e+01
-5.920000000000000995e+01,-9.811244010925292969e+00,-2.493136405944824219e+01,-3.967827606201171875e+01,-1.791468429565429688e+01,-3.086877250671386719e+01,-4.178625869750976562e+01
1.329999999999999893e+01,-2.279405832290649414e+00,3.166857719421386719e+00,-1.755069732666015625e+01,-8.246943354606628418e-01,-7.513273715972900391e+00,-2.070637321472167969e+01
2.050000000000000000e+01,6.909752368927001953e+00,3.162336349487304688e+01,3.641251802444458008e+00,1.042604160308837891e+01,1.111413192749023438e+01,-4.400713443756103516e+00
3.310000000000000142e+01,9.941361427307128906e+00,5.269278335571289062e+01,3.473356628417968750e+01,3.129804420471191406e+01,3.710897827148437500e+01,1.946471405029296875e+01
4.789999999999999858e+01,7.944088459014892578e+00,6.994334411621093750e+01,7.328281402587890625e+01,6.578870391845703125e+01,7.276371765136718750e+01,5.786383438110351562e+01
8.800000000000000000e+01,1.337127780914306641e+01,7.855532836914062500e+01,1.003591461181640625e+02,9.676989746093750000e+01,9.969260406494140625e+01,9.393549346923828125e+01
1.330000000000000000e+02,3.008534431457519531e+01,5.781517028808593750e+01,9.052041625976562500e+01,9.331175231933593750e+01,8.896643829345703125e+01,9.049599456787109375e+01
-3.269999999999999130e+00,3.531816482543945312e+01,9.264190673828125000e+00,4.034297561645507812e+01,4.908770751953125000e+01,3.760319900512695312e+01,3.942230606079101562e+01
-1.030000000000000000e+02,2.289723205566406250e+01,-4.465059280395507812e+01,-3.200592041015625000e+01,-1.579901695251464844e+01,-3.243195724487304688e+01,-3.267261886596679688e+01
-8.659999999999999432e+01,3.947232007980346680e+00,-8.141579437255859375e+01,-8.620787048339843750e+01,-6.426322937011718750e+01,-8.079459381103515625e+01,-8.213554382324218750e+01
-2.480000000000000071e+01,-8.247823715209960938e+00,-8.471168518066406250e+01,-9.342510986328125000e+01,-7.151951599121093750e+01,-8.367990112304687500e+01,-8.515532684326171875e+01
1.619999999999999929e+01,-1.394951820373535156e+01,-4.818045806884765625e+01,-5.156431579589843750e+01,-3.343917846679687500e+01,-4.153100585937500000e+01,-4.328023529052734375e+01
-3.170000000000000817e+00,-1.364676284790039062e+01,1.204874706268310547e+01,7.548807621002197266e+00,1.705658531188964844e+01,1.199328899383544922e+01,5.484267234802246094e+00
2.119999999999999929e+01,-6.718214035034179688e+00,6.481638336181640625e+01,4.972045898437500000e+01,4.514098739624023438e+01,4.759459304809570312e+01,3.551245498657226562e+01
4.940000000000000568e+01,1.413750839233398438e+01,8.518663024902343750e+01,6.982685089111328125e+01,5.807184600830078125e+01,6.592366790771484375e+01,5.994824981689453125e+01
3.329999999999999716e+01,3.735075378417968750e+01,7.243972778320312500e+01,6.590486907958984375e+01,5.156643676757812500e+01,6.005524063110351562e+01,5.916133880615234375e+01
-3.249999999999998668e+00,4.790819931030273438e+01,4.165337371826171875e+01,3.287511444091796875e+01,1.863089942932128906e+01,2.305972099304199219e+01,2.315748596191406250e+01
-2.910000000000000497e+01,2.459395790100097656e+01,9.567251205444335938e+00,-7.516820907592773438e+00,-1.096755027770996094e+01,-1.419424438476562500e+01,-1.273707294464111328e+01
-3.039999999999999147e+01,3.736121654510498047e+00,-9.471840858459472656e+00,-2.613967514038085938e+01,-1.696936798095703125e+01,-2.530066108703613281e+01,-2.218915939331054688e+01
4.079999999999999716e+01,-1.469746112823486328e+00,-1.922390556335449219e+01,-2.531063461303710938e+01,-7.538290500640869141e+00,-1.841743659973144531e+01,-1.592758464813232422e+01
5.520000000000000284e+01,-6.139929771423339844e+00,-1.793128204345703125e+01,-1.158718776702880859e+01,1.269439792633056641e+01,-2.874052822589874268e-01,2.353880107402801514e-01
-2.769999999999999929e+01,-4.185147762298583984e+00,-1.436025905609130859e+01,-2.333616971969604492e+00,1.899459075927734375e+01,9.712590217590332031e+00,6.446915626525878906e+00
-4.290000000000000568e+01,5.481393337249755859e+00,-1.656799697875976562e+01,-7.861501693725585938e+00,-3.642722964286804199e-01,-2.061014175415039062e+00,-7.201681613922119141e+00
7.249999999999999112e+00,1.157130241394042969e+01,-1.867075157165527344e+01,-1.479104328155517578e+01,-1.572872066497802734e+01,-1.612705612182617188e+01,-1.987220954895019531e+01
4.169999999999999041e+00,1.324754428863525391e+01,-1.321562576293945312e+01,-1.847952079772949219e+01,-2.220676612854003906e+01,-2.246879577636718750e+01,-2.564123916625976562e+01
-1.490000000000000213e+01,1.238207626342773438e+01,2.810119867324829102e+00,-1.996194458007812500e+01,-2.335460472106933594e+01,-2.249648857116699219e+01,-2.726021766662597656e+01
-1.009999999999999432e+01,1.996870279312133789e+00,3.113762855529785156e+01,-2.994481325149536133e+00,-1.808761715888977051e+00,-1.580457806587219238e+00,-8.183900833129882812e+00
3.080000000000000071e+01,-2.077310085296630859e+00,5.224126434326171875e+01,3.001482772827148438e+01,3.844239425659179688e+01,3.589624786376953125e+01,2.988397026062011719e+01
3.710000000000000142e+01,5.136143684387207031e+00,5.330545043945312500e+01,5.182355499267578125e+01,6.554161071777343750e+01,6.010522842407226562e+01,5.854800033569335938e+01
3.979999999999999982e+00,1.280986595153808594e+01,3.876245880126953125e+01,5.186491012573242188e+01,6.222652053833007812e+01,6.000679016113281250e+01,6.147917938232421875e+01
3.239999999999999858e+01,1.581079101562500000e+01,1.102812194824218750e+01,3.443483734130859375e+01,3.889207077026367188e+01,4.195882797241210938e+01,4.352687454223632812e+01
-2.019999999999999929e+01,1.621811485290527344e+01,-1.658989906311035156e+01,7.308695316314697266e+00,1.394031429290771484e+01,1.524284648895263672e+01,1.772568893432617188e+01
-4.780000000000000426e+01,1.268198490142822266e+01,-3.115609550476074219e+01,-1.914058685302734375e+01,-9.791120529174804688e+00,-1.206872177124023438e+01,-8.066967964172363281e+00
2.189999999999999858e+01,4.407742023468017578e+00,-3.153041458129882812e+01,-3.078945922851562500e+01,-2.207437324523925781e+01,-2.577602005004882812e+01,-2.061922264099121094e+01
-3.889999999999999680e+00,-4.789054870605468750e+00,-1.309078121185302734e+01,-1.554204177856445312e+01,-6.000907897949218750e+00,-1.066748046875000000e+01,-6.256664752960205078e+00
-1.760000000000000497e+01,-4.561429500579833984e+00,1.551210498809814453e+01,8.404169082641601562e+00,1.849441337585449219e+01,1.382479190826416016e+01,1.386670875549316406e+01
3.320000000000000284e+01,3.360104322433471680e+00,3.098548889160156250e+01,1.946609306335449219e+01,2.717910003662109375e+01,2.244096183776855469e+01,1.903964424133300781e+01
7.200000000000000178e+00,8.401721954345703125e+00,3.128852462768554688e+01,2.207248115539550781e+01,2.564715003967285156e+01,2.018246650695800781e+01,1.328060626983642578e+01
8.039999999999997371e+00,1.731096076965332031e+01,2.164282798767089844e+01,1.369035625457763672e+01,1.290407657623291016e+01,8.723266601562500000e+00,1.102506875991821289e+00
4.419999999999979501e-01,1.621026039123535156e+01,1.061007881164550781e+01,6.615940928459167480e-01,2.188848018646240234e+00,5.518466830253601074e-01,-6.572257995605468750e+00
2.139999999999999858e+01,7.044353961944580078e+00,8.549625396728515625e+00,-4.073923110961914062e+00,-2.800088882446289062e+00,2.970972061157226562e+00,-6.771255493164062500e+00
2.880000000000000071e+01,4.659649848937988281e+00,1.326146030426025391e+01,2.030549287796020508e+00,-6.160866022109985352e-01,1.378005790710449219e+01,3.618956804275512695e+00
-3.589999999999999858e+01,5.678801536560058594e+00,1.709059715270996094e+01,6.489879131317138672e+00,3.190432310104370117e+00,1.978756713867187500e+01,9.510660171508789062e+00
-5.389999999999999858e+01,8.281362533569335938e+00,1.204634571075439453e+01,-3.761904239654541016e-01,-7.214101791381835938e+00,6.281527996063232422e+00,-6.970701217651367188e+00
-5.229999999999998295e+01,7.096521854400634766e+00,-2.490769863128662109e+00,-5.360810756683349609e+00,-1.060054492950439453e+01,-6.022585868835449219e+00,-1.621380615234375000e+01
2.219999999999999929e+01,2.646056890487670898e+00,-1.090814113616943359e+01,2.019416332244873047e+00,2.418946474790573120e-01,-3.456126689910888672e+00,-9.312903404235839844e+00
1.120000000000000000e+02,3.271062612533569336e+00,-6.541070938110351562e+00,1.220621299743652344e+01,1.211148166656494141e+01,3.745980501174926758e+00,-5.443426370620727539e-01
8.670000000000000284e+01,-1.810682177543640137e+00,1.238138961791992188e+01,3.516495895385742188e+01,4.421929931640625000e+01,3.053576278686523438e+01,2.850963020324707031e+01
1.380000000000000071e+01,2.251230001449584961e+00,3.648833465576171875e+01,5.071418380737304688e+01,6.742513275146484375e+01,5.177242279052734375e+01,4.824180603027343750e+01
8.590000000000000568e+01,1.901795959472656250e+01,4.058484649658203125e+01,3.506186676025390625e+01,5.287778472900390625e+01,3.912183380126953125e+01,3.509912109375000000e+01
3.750000000000000000e+01,2.600184440612792969e+01,2.056702804565429688e+01,2.609925270080566406e-01,1.606834793090820312e+01,5.974538326263427734e+00,2.559710264205932617e+00
-7.849999999999998579e+01,2.744159698486328125e+01,-1.583837223052978516e+01,-4.639471817016601562e+01,-3.843297195434570312e+01,-4.207418441772460938e+01,-4.753165435791015625e+01
-8.359999999999999432e+01,8.715271949768066406e+00,-4.176176834106445312e+01,-7.486353302001953125e+01,-7.467980957031250000e+01,-7.329054260253906250e+01,-8.165793609619140625e+01
8.140000000000000568e+01,-1.110397529602050781e+01,-2.646116065979003906e+01,-4.791997909545898438e+01,-5.263051605224609375e+01,-4.628538894653320312e+01,-5.400997924804687500e+01
7.029999999999999716e+01,-1.526185035705566406e+01,1.685426902770996094e+01,2.499417304992675781e+01,2.217934036254882812e+01,3.057471275329589844e+01,2.759752845764160156e+01
-7.879999999999999716e+01,-6.373362064361572266e+00,5.386079406738281250e+01,7.211846923828125000e+01,7.041357421875000000e+01,7.468907928466796875e+01,7.253458404541015625e+01
3.860000000000000142e+01,3.156862735748291016e+00,7.461498260498046875e+01,8.647042846679687500e+01,8.290849304199218750e+01,8.185106658935546875e+01,7.746753692626953125e+01
1.710000000000000000e+02,1.922567939758300781e+01,6.511425018310546875e+01,7.858979797363281250e+01,7.867239379882812500e+01,7.025238037109375000e+01,7.103926849365234375e+01
1.310000000000000000e+02,3.548067474365234375e+01,3.332201004028320312e+01,4.758501815795898438e+01,5.290836334228515625e+01,3.831122970581054688e+01,4.670110702514648438e+01
-4.940000000000000568e+01,3.033860588073730469e+01,8.630487322807312012e-01,3.433159589767456055e+00,1.306546020507812500e+01,-6.019952297210693359e+00,6.296750068664550781e+00
-6.039999999999999147e+01,-9.125205874443054199e-01,-7.230470180511474609e+00,-1.066312122344970703e+01,2.305475950241088867e+00,-1.760933113098144531e+01,-6.332762718200683594e+00
8.059999999999999432e+01,-8.982528686523437500e+00,1.612642860412597656e+01,1.051414108276367188e+01,2.614126205444335938e+01,1.200251197814941406e+01,2.060408210754394531e+01
6.550000000000000000e+01,5.573883056640625000e+00,2.811404418945312500e+01,5.377925395965576172e+00,1.118095874786376953e+01,1.119787979125976562e+01,1.631811332702636719e+01
-3.289999999999999858e+01,9.447210311889648438e+00,1.470643043518066406e+01,-2.902125549316406250e+01,-4.019051361083984375e+01,-2.668221664428710938e+01,-3.048258972167968750e+01
-9.000000000000000000e+01,-4.523596763610839844e+00,-7.204759716987609863e-01,-3.982862854003906250e+01,-5.769208145141601562e+01,-3.907060623168945312e+01,-4.947824859619140625e+01
-5.170000000000000995e+01,-1.209208202362060547e+01,1.309908008575439453e+01,5.418528079986572266e+00,-9.192557334899902344e+00,1.070797443389892578e+01,3.028591632843017578e+00
4.329999999999999716e+01,-6.762329339981079102e-01,3.884527206420898438e+01,4.515414047241210938e+01,4.002478408813476562e+01,5.403442001342773438e+01,5.147564697265625000e+01
-3.440000000000002167e+00,1.262070941925048828e+01,5.966101837158203125e+01,5.396656417846679688e+01,5.188174057006835938e+01,5.618053436279296875e+01,5.028255081176757812e+01
-2.130000000000000071e+01,1.076998519897460938e+01,7.585707092285156250e+01,5.564364242553710938e+01,5.239192962646484375e+01,5.079277801513671875e+01,3.884840774536132812e+01
8.240000000000000568e+01,9.970387458801269531e+00,7.934714508056640625e+01,5.788520050048828125e+01,5.512413024902343750e+01,5.262544250488281250e+01,4.179306411743164062e+01
1.420000000000000000e+02,1.086184501647949219e+01,5.679106521606445312e+01,5.925635147094726562e+01,6.067009735107421875e+01,5.912413787841796875e+01,5.484074783325195312e+01
1.180000000000000000e+02,1.374387836456298828e+01,1.823982238769531250e+01,4.748432540893554688e+01,5.517292022705078125e+01,5.468511962890625000e+01,5.408225250244140625e+01
1.569999999999999751e+01,1.334714698791503906e+01,-5.338256835937500000e+00,2.204538726806640625e+01,3.462206649780273438e+01,3.511653900146484375e+01,3.229319763183593750e+01
4.229999999999999716e+01,1.147472858428955078e+01,-1.257460403442382812e+01,-1.428887844085693359e+01,-5.786915302276611328e+00,-8.873621225357055664e-01,-9.897683143615722656e+00
3.759999999999998010e+00,1.637766647338867188e+01,-2.879511642456054688e+01,-6.466772460937500000e+01,-6.043760681152343750e+01,-5.109341430664062500e+01,-6.514956665039062500e+01
-1.820000000000000000e+02,9.496017456054687500e+00,-5.757006072998046875e+01,-1.069168395996093750e+02,-1.031739044189453125e+02,-9.246069335937500000e+01,-1.106852722167968750e+02
-1.599999999999999716e+02,-7.241731166839599609e+00,-5.462551116943359375e+01,-1.056491470336914062e+02,-1.060259475708007812e+02,-9.204553985595703125e+01,-1.134655914306640625e+02
1.639999999999999503e+01,-1.875433349609375000e+01,5.295755863189697266e-01,-2.591563415527343750e+01,-2.973684692382812500e+01,-1.212448692321777344e+01,-3.142819404602050781e+01
9.470000000000000284e+01,-1.799244880676269531e+01,7.374707031250000000e+01,8.202134704589843750e+01,8.185415649414062500e+01,9.264978790283203125e+01,7.679440307617187500e+01
1.600000000000000000e+02,6.494462490081787109e-01,1.170104904174804688e+02,1.282330780029296875e+02,1.235960083007812500e+02,1.284292602539062500e+02,1.134758071899414062e+02
1.620000000000000000e+02,2.010431671142578125e+01,1.252225723266601562e+02,1.451933135986328125e+02,1.420240631103515625e+02,1.369821319580078125e+02,1.253878555297851562e+02
9.459999999999999432e+01,4.215744018554687500e+01,1.018213577270507812e+02,1.350765991210937500e+02,1.326141967773437500e+02,1.196454238891601562e+02,1.144002304077148438e+02
2.200000000000000000e+01,6.711002349853515625e+01,4.128422164916992188e+01,8.312666320800781250e+01,8.530739593505859375e+01,6.540216827392578125e+01,6.982622528076171875e+01
-1.770000000000000284e+01,5.166160202026367188e+01,-3.771237945556640625e+01,-1.275705242156982422e+01,1.418241620063781738e+00,-2.166796493530273438e+01,-1.342964458465576172e+01
-3.720000000000000284e+01,1.177404499053955078e+01,-8.935044860839843750e+01,-1.044144363403320312e+02,-8.281562042236328125e+01,-1.011752929687500000e+02,-9.853887176513671875e+01
-1.050000000000000000e+02,-1.285420322418212891e+01,-8.862850952148437500e+01,-1.291443023681640625e+02,-1.087290420532226562e+02,-1.182559738159179688e+02,-1.213652420043945312e+02
-1.440000000000000284e+02,-2.123301506042480469e+01,-4.082097244262695312e+01,-7.787981414794921875e+01,-6.738919067382812500e+01,-6.418125915527343750e+01,-7.277424621582031250e+01
1.819999999999999929e+01,-2.124538612365722656e+01,1.511970615386962891e+01,2.939178943634033203e+00,3.330397129058837891e+00,1.048725128173828125e+01,-8.537903428077697754e-02
1.440000000000000000e+02,-1.308281612396240234e+01,5.423622512817382812e+01,6.066158676147460938e+01,5.607051086425781250e+01,5.840270233154296875e+01,5.261117553710937500e+01
3.140000000000000213e+01,1.536563396453857422e+01,7.557580566406250000e+01,6.860231781005859375e+01,5.251260757446289062e+01,5.834289169311523438e+01,5.115240478515625000e+01
-1.150000000000000000e+02,4.362982940673828125e+01,7.593928527832031250e+01,5.587498855590820312e+01,3.777443313598632812e+01,4.288533020019531250e+01,3.570285034179687500e+01
4.339999999999999858e+01,3.547945785522460938e+01,6.550108337402343750e+01,4.364360427856445312e+01,3.080301666259765625e+01,3.301473999023437500e+01,2.945794868469238281e+01
1.090000000000000142e+02,2.451519393920898438e+01,5.164101791381835938e+01,3.347724151611328125e+01,3.009820938110351562e+01,2.737095069885253906e+01,3.125144386291503906e+01
5.350000000000000000e+01,1.842605018615722656e+01,2.645167350769042969e+01,1.970231819152832031e+01,2.822278785705566406e+01,1.766970443725585938e+01,2.682309532165527344e+01
-4.029999999999999005e+01,5.323954582214355469e+00,6.804702877998352051e-01,6.452105522155761719e+00,1.922207450866699219e+01,4.810437679290771484e+00,8.685004234313964844e+00
-1.130000000000000426e+01,-5.411624431610107422e+00,-1.730745697021484375e+01,1.073718428611755371e+00,1.184012413024902344e+01,8.285598456859588623e-02,-2.766901254653930664e+00
9.100000000000000000e+01,-8.715255856513977051e-01,-3.251466369628906250e+01,-7.914035320281982422e+00,2.964986324310302734e+00,-3.706720352172851562e+00,-4.454721927642822266e+00
-1.289999999999999591e+00,1.644732666015625000e+01,-6.254494476318359375e+01,-4.656793594360351562e+01,-3.967532348632812500e+01,-4.151019668579101562e+01,-3.898244476318359375e+01
-9.120000000000000284e+01,5.929597854614257812e+00,-8.051339721679687500e+01,-7.629853057861328125e+01,-7.940403747558593750e+01,-7.751435089111328125e+01,-8.015302276611328125e+01
-4.850000000000000000e+01,-6.056545734405517578e+00,-4.929139709472656250e+01,-6.553529357910156250e+01,-7.490083312988281250e+01,-6.763011932373046875e+01,-7.535536956787109375e+01
-4.610000000000000142e+01,-8.120939254760742188e+00,1.413097763061523438e+01,-1.575194263458251953e+01,-2.572666549682617188e+01,-1.165714168548583984e+01,-1.836029815673828125e+01
-3.299999999999997602e+00,1.282294034957885742e+00,6.027754211425781250e+01,2.694089508056640625e+01,1.984791755676269531e+01,3.219205474853515625e+01,2.718159484863281250e+01
1.140000000000000000e+02,6.314857006072998047e+00,8.184399414062500000e+01,5.995328521728515625e+01,5.961505126953125000e+01,6.235184478759765625e+01,5.701886367797851562e+01
8.400000000000000000e+01,5.572665214538574219e+00,8.880019378662109375e+01,9.100705718994140625e+01,9.587061309814453125e+01,9.107147216796875000e+01,8.446157836914062500e+01
2.700000000000000000e+01,1.861398124694824219e+01,7.525498962402343750e+01,1.018870697021484375e+02,1.058455352783203125e+02,1.005691452026367188e+02,1.004792633056640625e+02
1.190000000000000000e+02,2.424173545837402344e+01,4.103423690795898438e+01,9.252136993408203125e+01,9.745427703857421875e+01,9.370163726806640625e+01,1.037349472045898438e+02
1.690000000000000000e+02,2.368181991577148438e+01,-2.795641660690307617e+00,5.846773910522460938e+01,6.833806610107421875e+01,6.360903549194335938e+01,7.827286529541015625e+01
3.470000000000000284e+01,2.411148643493652344e+01,-3.474165344238281250e+01,-2.545296430587768555e+00,1.780657005310058594e+01,9.067130088806152344e+00,2.506944274902343750e+01
-1.930000000000000000e+02,1.274033927917480469e+01,-5.868112564086914062e+01,-6.885310363769531250e+01,-4.012051010131835938e+01,-5.042235183715820312e+01,-3.816417694091796875e+01
-9.320000000000000284e+01,-3.272965908050537109e+00,-6.747483825683593750e+01,-1.070386810302734375e+02,-8.538212585449218750e+01,-9.089482116699218750e+01,-8.768715667724609375e+01
-8.070000000000001705e+01,-1.237521171569824219e+01,-5.247309875488281250e+01,-9.159439849853515625e+01,-8.316863250732421875e+01,-8.270842742919921875e+01,-8.368833923339843750e+01
-1.350000000000000000e+02,-1.316702842712402344e+01,-9.898859024047851562e+00,-4.122697067260742188e+01,-4.039023208618164062e+01,-3.768434143066406250e+01,-4.031924057006835938e+01
-1.629999999999999716e+01,-1.216491031646728516e+01,4.311447143554687500e+01,1.038378906250000000e+01,-2.966096699237823486e-01,5.312397003173828125e+00,-1.094573307037353516e+01
8.809999999999999432e+01,-1.292798709869384766e+01,9.495594787597656250e+01,8.541879272460937500e+01,7.425867462158203125e+01,7.845275878906250000e+01,5.800860214233398438e+01
1.030000000000000000e+02,1.011498868465423584e-01,1.325915222167968750e+02,1.468470458984375000e+02,1.449971923828125000e+02,1.452434387207031250e+02,1.305115661621093750e+02
8.159999999999999432e+01,5.735553741455078125e+01,1.269375381469726562e+02,1.361319274902343750e+02,1.357827606201171875e+02,1.364006195068359375e+02,1.252266845703125000e+02
9.659999999999998010e+01,7.326029205322265625e+01,8.132981109619140625e+01,8.830600738525390625e+01,8.654393768310546875e+01,8.753067016601562500e+01,7.823425292968750000e+01
5.139999999999999858e+01,5.623498153686523438e+01,7.961207389831542969e+00,9.946103096008300781e+00,1.198881721496582031e+01,1.040251827239990234e+01,4.246430397033691406e+00
-8.119999999999998863e+01,3.382228088378906250e+01,-7.230554962158203125e+01,-8.186380767822265625e+01,-6.539852905273437500e+01,-7.358660125732421875e+01,-7.931003570556640625e+01
-1.080000000000000000e+02,2.965760946273803711e+00,-1.166806335449218750e+02,-1.364632110595703125e+02,-1.186730804443359375e+02,-1.266099624633789062e+02,-1.363732452392578125e+02
-9.979999999999998295e+01,-1.419359779357910156e+01,-1.142433547973632812e+02,-1.316063385009765625e+02,-1.216600036621093750e+02,-1.215081100463867188e+02,-1.375649719238281250e+02
-4.749999999999999289e+01,-1.721331214904785156e+01,-7.524215698242187500e+01,-8.546633911132812500e+01,-8.441863250732421875e+01,-7.587763214111328125e+01,-9.676795196533203125e+01
-7.700000000000000000e+01,-1.105255794525146484e+01,-2.726811218261718750e+01,-4.940041732788085938e+01,-5.714475631713867188e+01,-4.781284332275390625e+01,-6.739480590820312500e+01
-4.339999999999999858e+01,-8.102471351623535156e+00,8.393698692321777344e+00,-3.067509889602661133e+00,-1.053122615814208984e+01,-2.824106693267822266e+00,-1.358718776702880859e+01
9.400000000000001421e+01,-3.090619802474975586e+00,3.975934982299804688e+01,6.879991912841796875e+01,6.946611022949218750e+01,7.661959838867187500e+01,7.557487487792968750e+01
2.070000000000000000e+02,1.971365547180175781e+01,8.369677734375000000e+01,1.135033111572265625e+02,1.211162872314453125e+02,1.227799987792968750e+02,1.270769958496093750e+02
1.790000000000000000e+02,4.377013015747070312e+01,1.009094009399414062e+02,1.215886764526367188e+02,1.345945281982421875e+02,1.266049728393554688e+02,1.353779449462890625e+02
5.410000000000000142e+01,6.171606826782226562e+01,7.505641937255859375e+01,8.791351318359375000e+01,1.002328567504882812e+02,8.695212554931640625e+01,1.017493286132812500e+02
-5.219999999999999574e+01,5.148070907592773438e+01,9.232755661010742188e+00,1.662744903564453125e+01,1.768625450134277344e+01,9.221211433410644531e+00,2.852788925170898438e+01
-8.860000000000000853e+01,2.808613014221191406e+01,-7.272292327880859375e+01,-7.270919799804687500e+01,-7.335202789306640625e+01,-7.908612060546875000e+01,-5.935094451904296875e+01
-9.279999999999999716e+01,1.238435745239257812e+00,-1.255611190795898438e+02,-1.313678131103515625e+02,-1.223197174072265625e+02,-1.308180847167968750e+02,-1.129899978637695312e+02
-9.189999999999999147e+01,-1.503550720214843750e+01,-1.232512359619140625e+02,-1.283916473388671875e+02,-1.167863922119140625e+02,-1.234794998168945312e+02,-1.104343872070312500e+02
-5.829999999999999716e+01,-2.347508049011230469e+01,-6.074012756347656250e+01,-5.047193908691406250e+01,-4.288728332519531250e+01,-4.617812347412109375e+01,-3.872668075561523438e+01
-5.820000000000000995e+01,-2.215869903564453125e+01,2.075121307373046875e+01,5.547290420532226562e+01,6.593570709228515625e+01,5.509265136718750000e+01,6.117753982543945312e+01
9.029999999999999716e+01,-5.309708595275878906e+00,7.108426666259765625e+01,1.037071228027343750e+02,1.115668716430664062e+02,9.816139984130859375e+01,9.989723968505859375e+01
1.910000000000000000e+02,2.993641281127929688e+01,9.312525939941406250e+01,1.118536300659179688e+02,1.204481964111328125e+02,1.052059555053710938e+02,1.028633956909179688e+02
1.570000000000000000e+02,6.582122802734375000e+01,8.692372131347656250e+01,8.979501342773437500e+01,9.797117614746093750e+01,8.044631958007812500e+01,7.503681945800781250e+01
6.470000000000000284e+01,6.844701385498046875e+01,5.441826248168945312e+01,3.536838531494140625e+01,3.989361572265625000e+01,2.316644287109375000e+01,1.822487831115722656e+01
-1.109999999999999787e+01,3.189793395996093750e+01,4.614010334014892578e+00,-2.809348869323730469e+01,-2.249109840393066406e+01,-3.588549423217773438e+01,-3.587655258178710938e+01
-4.610000000000000142e+01,6.180958271026611328e+00,-3.942631912231445312e+01,-6.792715454101562500e+01,-5.745538711547851562e+01,-6.583529663085937500e+01,-6.169062042236328125e+01
-1.090000000000000142e+02,2.850297451019287109e+00,-6.873236083984375000e+01,-9.314701080322265625e+01,-7.832888031005859375e+01,-8.311846923828125000e+01,-8.377391052246093750e+01
-1.310000000000000000e+02,-6.739053249359130859e+00,-7.200099945068359375e+01,-1.005233459472656250e+02,-8.985231781005859375e+01,-9.248389434814453125e+01,-1.029876022338867188e+02
-1.070000000000000000e+02,-1.522855854034423828e+01,-5.576559448242187500e+01,-7.161669158935546875e+01,-7.071549224853515625e+01,-6.908953094482421875e+01,-8.356103515625000000e+01
-1.140000000000000213e+01,-1.825630760192871094e+01,-2.445999717712402344e+01,8.727660179138183594e+00,7.430707931518554688e+00,1.345944023132324219e+01,8.411754608154296875e+00
1.070000000000000000e+02,-1.308758735656738281e+01,2.609933280944824219e+01,9.336717987060546875e+01,1.018426132202148438e+02,1.041346511840820312e+02,1.055167312622070312e+02
1.950000000000000000e+02,4.882622718811035156e+00,7.945732116699218750e+01,1.402443542480468750e+02,1.459404144287109375e+02,1.448033752441406250e+02,1.423627471923828125e+02
1.430000000000000000e+02,3.917794036865234375e+01,1.115302886962890625e+02,1.460359191894531250e+02,1.424079437255859375e+02,1.400974884033203125e+02,1.359263763427734375e+02
5.129999999999999716e+01,8.796521759033203125e+01,9.740891265869140625e+01,9.702095031738281250e+01,8.408773803710937500e+01,8.051007080078125000e+01,7.760678863525390625e+01
-7.849999999999998579e+01,8.045491027832031250e+01,1.963704299926757812e+01,-5.582399845123291016e+00,-1.764909172058105469e+01,-2.454158592224121094e+01,-2.676740646362304688e+01
-1.520000000000000000e+02,2.638283157348632812e+01,-7.962674713134765625e+01,-1.162651672363281250e+02,-1.083283996582031250e+02,-1.202237701416015625e+02,-1.231795883178710938e+02
-9.120000000000000284e+01,-8.118171691894531250e+00,-1.173300704956054688e+02,-1.565858764648437500e+02,-1.323716583251953125e+02,-1.435368194580078125e+02,-1.464509887695312500e+02
-4.789999999999999858e+01,-1.993112564086914062e+01,-8.130001831054687500e+01,-1.046653289794921875e+02,-8.257884979248046875e+01,-8.043112945556640625e+01,-8.930516815185546875e+01
-1.290000000000000568e+01,-2.277672195434570312e+01,-6.740046977996826172e+00,-4.761922359466552734e+00,4.370270252227783203e+00,1.762707710266113281e+01,-1.513046264648437500e+00
3.300000000000000000e+01,-1.531156921386718750e+01,4.570159149169921875e+01,6.374302673339843750e+01,6.741637420654296875e+01,7.942923736572265625e+01,6.549331665039062500e+01
1.070000000000000000e+02,4.501220226287841797e+00,6.261100769042968750e+01,9.551957702636718750e+01,1.010197677612304688e+02,1.102923202514648438e+02,1.029270782470703125e+02
1.169999999999999858e+02,3.865907669067382812e+01,5.646109008789062500e+01,1.040233612060546875e+02,1.095347671508789062e+02,1.143060760498046875e+02,1.128582000732421875e+02
4.100000000000000000e+01,6.940563964843750000e+01,3.643180847167968750e+01,8.263287353515625000e+01,8.344145965576171875e+01,8.096707153320312500e+01,8.433309936523437500e+01
-3.130000000000000782e+01,6.214508438110351562e+01,1.308520412445068359e+01,2.391238403320312500e+01,1.962617683410644531e+01,1.204370403289794922e+01,1.712107658386230469e+01
-5.079999999999999716e+01,2.751889038085937500e+01,-2.096506118774414062e+01,-4.907555007934570312e+01,-5.144738769531250000e+01,-6.106239318847656250e+01,-5.615390014648437500e+01
-3.479999999999999716e+01,8.780305385589599609e-01,-5.583829116821289062e+01,-9.502362823486328125e+01,-8.874954223632812500e+01,-9.724570465087890625e+01,-9.283288574218750000e+01
-1.780000000000000071e+01,-9.898474693298339844e+00,-6.767748260498046875e+01,-1.003075942993164062e+02,-8.342636871337890625e+01,-8.941776275634765625e+01,-8.835208892822265625e+01
-2.749999999999999289e+01,-1.640076255798339844e+01,-4.747882080078125000e+01,-6.042477416992187500e+01,-4.408974456787109375e+01,-4.562945175170898438e+01,-4.900228881835937500e+01
-1.919999999999999574e+01,-1.480275344848632812e+01,-1.541072368621826172e+01,-5.148138046264648438e+00,-3.543020725250244141e+00,4.103602409362792969e+00,8.512636274099349976e-02
3.229999999999999716e+01,-1.413881540298461914e+00,7.468663215637207031e+00,2.165797424316406250e+01,6.303107261657714844e+00,2.847951126098632812e+01,2.755353927612304688e+01
2.309999999999999787e+01,1.620741462707519531e+01,2.317236137390136719e+01,3.661617660522460938e+01,1.011755657196044922e+01,4.189387893676757812e+01,4.363291931152343750e+01
-4.000000000000000711e+01,2.892898750305175781e+01,3.748143386840820312e+01,5.113147354125976562e+01,2.207590866088867188e+01,4.663473129272460938e+01,4.784004211425781250e+01
2.780000000000000426e+01,3.067130279541015625e+01,4.787282180786132812e+01,5.471144104003906250e+01,2.857764816284179688e+01,3.858521652221679688e+01,3.947731018066406250e+01
5.889999999999999858e+01,1.863591003417968750e+01,4.680625152587890625e+01,4.867211151123046875e+01,3.142341041564941406e+01,3.038020324707031250e+01,3.427185440063476562e+01
-7.540000000000000924e+00,1.018632507324218750e+01,2.889426231384277344e+01,3.913982009887695312e+01,3.651693344116210938e+01,2.536221504211425781e+01,3.326869201660156250e+01
-2.309999999999999787e+01,6.594357013702392578e+00,5.206596851348876953e-01,2.093070220947265625e+01,3.670984649658203125e+01,1.528192329406738281e+01,2.385867500305175781e+01
1.839999999999999858e+01,6.702642440795898438e-01,-2.028707313537597656e+01,3.318169116973876953e+00,3.494757080078125000e+01,5.170832157135009766e+00,1.161551952362060547e+01
2.789999999999999503e+01,1.393766999244689941e+00,-3.629590606689453125e+01,-1.403874683380126953e+01,2.225674819946289062e+01,-7.978605270385742188e+00,-3.768543958663940430e+00
-2.400000000000000355e+01,9.434576034545898438e+00,-5.233308410644531250e+01,-4.346213912963867188e+01,-1.393535137176513672e+01,-3.555703735351562500e+01,-3.330139541625976562e+01
-4.410000000000000853e+01,4.231181621551513672e+00,-4.996602249145507812e+01,-6.386652755737304688e+01,-4.566937637329101562e+01,-5.453628921508789062e+01,-5.761741256713867188e+01
-3.579999999999999716e+01,-1.781794905662536621e+00,-2.340451049804687500e+01,-5.405974578857421875e+01,-4.937800216674804688e+01,-4.313791275024414062e+01,-5.169231033325195312e+01
-7.109999999999999432e+01,-5.316312313079833984e-01,1.512517642974853516e+01,-1.723656654357910156e+01,-2.480858230590820312e+01,-7.762048244476318359e+00,-1.714437294006347656e+01
6.859999999999999432e+00,3.610911607742309570e+00,4.901456832885742188e+01,2.571859359741210938e+01,8.541326522827148438e+00,2.613468360900878906e+01,1.476032161712646484e+01
1.330000000000000000e+02,4.937199592590332031e+00,6.652117919921875000e+01,6.387287521362304688e+01,4.803786849975585938e+01,5.784356689453125000e+01,4.439450836181640625e+01
1.380000000000000000e+02,6.787301540374755859e+00,6.929436492919921875e+01,9.801997375488281250e+01,8.825070190429687500e+01,8.825535583496093750e+01,7.735513305664062500e+01
7.829999999999999716e+01,1.861891555786132812e+01,5.570267486572265625e+01,1.038644027709960938e+02,1.023525772094726562e+02,9.345590209960937500e+01,8.738551330566406250e+01
8.029999999999999716e+01,2.414777374267578125e+01,2.442792510986328125e+01,7.315643310546875000e+01,9.353437042236328125e+01,7.536880493164062500e+01,7.518341064453125000e+01
1.080000000000000000e+02,2.209600830078125000e+01,-1.272542190551757812e+01,2.587085151672363281e+01,6.253931808471679688e+01,3.983394622802734375e+01,4.396963882446289062e+01
6.830000000000000959e+00,2.765067863464355469e+01,-4.786483001708984375e+01,-4.192554473876953125e+01,-7.434430122375488281e+00,-2.282462501525878906e+01,-1.874964904785156250e+01
-1.540000000000000000e+02,1.250636196136474609e+01,-7.421637725830078125e+01,-1.062458343505859375e+02,-8.874997711181640625e+01,-8.779103851318359375e+01,-8.871840667724609375e+01
-1.190000000000000000e+02,-1.020581912994384766e+01,-7.054568481445312500e+01,-1.178250427246093750e+02,-1.211229553222656250e+02,-1.067800750732421875e+02,-1.128856811523437500e+02
-2.120000000000000284e+01,-1.927263641357421875e+01,-2.707485771179199219e+01,-5.529131698608398438e+01,-7.723989868164062500e+01,-5.000340652465820312e+01,-5.549937820434570312e+01
1.490000000000000213e+01,-1.749209976196289062e+01,3.702644729614257812e+01,3.205355453491210938e+01,7.318452358245849609e+00,3.283885955810546875e+01,2.834223175048828125e+01
5.310000000000000142e+01,-8.732316970825195312e+00,8.870069122314453125e+01,8.522895050048828125e+01,6.245833206176757812e+01,7.574143981933593750e+01,6.482685852050781250e+01
7.359999999999999432e+01,2.990345239639282227e+00,1.167865982055664062e+02,1.201585845947265625e+02,1.049649810791015625e+02,1.069217987060546875e+02,9.453013610839843750e+01
8.800000000000000000e+01,2.719143486022949219e+01,1.218753662109375000e+02,1.277094650268554688e+02,1.249943618774414062e+02,1.188594894409179688e+02,1.116763305664062500e+02
5.210000000000000853e+01,6.108906555175781250e+01,9.224654388427734375e+01,9.684512329101562500e+01,1.054047927856445312e+02,9.141670989990234375e+01,9.232336425781250000e+01
-4.720000000000000284e+01,5.380871582031250000e+01,3.104953956604003906e+01,3.536406326293945312e+01,5.205957794189453125e+01,3.134953689575195312e+01,3.748371124267578125e+01
-3.850000000000000000e+01,2.297818756103515625e+01,-2.605996704101562500e+01,-3.474814224243164062e+01,-1.494422245025634766e+01,-3.558133316040039062e+01,-2.979561996459960938e+01
6.620000000000000995e+00,4.135699570178985596e-01,-5.613743591308593750e+01,-7.752228546142578125e+01,-6.251244354248046875e+01,-7.322270965576171875e+01,-7.138664245605468750e+01
-2.369999999999999929e+01,-9.552003860473632812e+00,-5.703020095825195312e+01,-8.214017486572265625e+01,-8.037295532226562500e+01,-7.371026611328125000e+01,-7.931750488281250000e+01
-4.920000000000000995e+01,-1.319369602203369141e+01,-4.147023010253906250e+01,-5.787003707885742188e+01,-7.074568939208984375e+01,-4.974990463256835938e+01,-6.238358306884765625e+01
-6.160000000000000853e+01,-1.343787670135498047e+01,-1.386652946472167969e+01,-1.553380966186523438e+01,-3.174959373474121094e+01,-1.115196895599365234e+01,-2.608370780944824219e+01
2.919999999999999929e+01,-3.504827499389648438e+00,1.658741188049316406e+01,1.206853199005126953e+01,4.406168460845947266e-01,1.431307029724121094e+01,-1.995461583137512207e+00
6.239999999999999858e+01,1.582782649993896484e+01,3.404460144042968750e+01,2.073617362976074219e+01,1.569237804412841797e+01,2.552972412109375000e+01,1.148626804351806641e+01
-1.020000000000000284e+01,2.716811752319335938e+01,4.335691833496093750e+01,2.230455017089843750e+01,2.387699508666992188e+01,3.007711029052734375e+01,1.509156131744384766e+01
4.260000000000000142e+01,2.622891044616699219e+01,5.278221130371093750e+01,2.043320846557617188e+01,2.617861366271972656e+01,2.790261459350585938e+01,1.267599391937255859e+01
7.690000000000000568e+01,1.571581172943115234e+01,5.090974044799804688e+01,2.530321502685546875e+01,3.544205474853515625e+01,3.341744232177734375e+01,2.536560821533203125e+01
-1.770000000000000284e+01,1.084004688262939453e+01,3.416890716552734375e+01,2.875997352600097656e+01,3.778453063964843750e+01,3.834683609008789062e+01,3.790574264526367188e+01
-8.070000000000001705e+01,1.328076648712158203e+01,2.356455326080322266e+00,1.488464450836181641e+01,1.366527557373046875e+01,2.289756011962890625e+01,2.533783531188964844e+01
1.910000000000000142e+01,5.121434211730957031e+00,-2.586164855957031250e+01,-4.328355312347412109e+00,-1.276772499084472656e+01,9.903501272201538086e-01,3.329101562500000000e+00
1.159999999999999964e+01,1.581612706184387207e+00,-4.398923492431640625e+01,-2.400916290283203125e+01,-2.964225578308105469e+01,-1.939964485168457031e+01,-1.729320907592773438e+01
-4.200000000000000000e+01,1.914880156517028809e+00,-5.456009292602539062e+01,-3.614994812011718750e+01,-3.061670684814453125e+01,-3.000585746765136719e+01,-2.353947257995605469e+01
-3.620000000000000284e+01,-5.903607368469238281e+00,-3.820883560180664062e+01,-1.862656784057617188e+01,-4.951250553131103516e+00,-1.174926090240478516e+01,-2.675429105758666992e+00
9.490000000000000568e+01,-8.354569435119628906e+00,6.575226783752441406e+00,2.452362251281738281e+01,4.140034103393554688e+01,3.116903686523437500e+01,3.808513259887695312e+01
8.640000000000000568e+01,2.768921613693237305e+00,4.969730758666992188e+01,5.588705062866210938e+01,7.493390655517578125e+01,6.011167144775390625e+01,6.656951141357421875e+01
-3.000000000000000000e+01,3.258501815795898438e+01,6.101390838623046875e+01,3.736018371582031250e+01,4.970940780639648438e+01,3.376880264282226562e+01,3.635482406616210938e+01
-6.309999999999999432e+01,3.529547119140625000e+01,3.665278625488281250e+01,-5.143885612487792969e+00,-1.876611351966857910e+00,-1.589273262023925781e+01,-1.885877037048339844e+01
-6.440000000000000568e+01,1.612068748474121094e+01,1.820865154266357422e+00,-3.594466018676757812e+01,-3.840860366821289062e+01,-4.678640365600585938e+01,-5.038045120239257812e+01
-5.140000000000000568e+01,2.709779739379882812e+00,-1.489281558990478516e+01,-3.669640731811523438e+01,-3.933648300170898438e+01,-4.023023986816406250e+01,-3.932857894897460938e+01
1.629999999999999716e+01,-3.101549625396728516e+00,-1.194715690612792969e+01,-1.606185150146484375e+01,-1.480132675170898438e+01,-1.049433898925781250e+01,-8.643286705017089844e+00
8.559999999999999432e+01,-1.113221931457519531e+01,1.623641204833984375e+01,2.823304557800292969e+01,3.587323379516601562e+01,3.766870117187500000e+01,3.323529052734375000e+01
7.879999999999999716e+01,-5.862826347351074219e+00,4.524069213867187500e+01,6.112915802001953125e+01,7.812921142578125000e+01,7.341157531738281250e+01,6.675882720947265625e+01
2.889999999999999858e+01,1.622972297668457031e+01,4.334484863281250000e+01,5.484437561035156250e+01,7.594732666015625000e+01,6.704834747314453125e+01,6.467169189453125000e+01
6.239999999999999858e+01,3.398629379272460938e+01,9.604642868041992188e+00,2.671267127990722656e+01,4.123599243164062500e+01,2.988705444335937500e+01,3.030033683776855469e+01
8.810000000000000497e+00,3.505185317993164062e+01,-3.321364974975585938e+01,-1.491779518127441406e+01,-1.072227382659912109e+01,-2.260929679870605469e+01,-2.269881439208984375e+01
-5.849999999999999289e+01,2.395994949340820312e+01,-5.129698944091796875e+01,-6.341174697875976562e+01,-6.458882904052734375e+01,-7.438816833496093750e+01,-7.870257568359375000e+01
-4.389999999999999858e+01,3.993382215499877930e+00,-4.536655426025390625e+01,-9.205051422119140625e+01,-9.401424407958984375e+01,-9.925772094726562500e+01,-1.091232452392578125e+02
-2.580000000000000426e+01,-1.101529216766357422e+01,-2.122039604187011719e+01,-7.239058685302734375e+01,-7.490959167480468750e+01,-7.315789031982421875e+01,-8.645136260986328125e+01
-2.189999999999999858e+01,-1.411737728118896484e+01,1.443043041229248047e+01,-1.515814495086669922e+01,-1.512715625762939453e+01,-9.140151977539062500e+00,-2.192535781860351562e+01
1.240000000000000036e+01,-7.417570590972900391e+00,4.475662612915039062e+01,3.125456809997558594e+01,3.432538223266601562e+01,3.766727066040039062e+01,2.724456214904785156e+01
1.939999999999999858e+01,8.652656674385070801e-01,5.611249923706054688e+01,5.925109100341796875e+01,6.013354110717773438e+01,6.390141677856445312e+01,5.434113693237304688e+01
2.060000000000002274e+00,1.671624183654785156e+01,5.048904418945312500e+01,6.962327575683593750e+01,6.770005798339843750e+01,7.438710021972656250e+01,7.051451873779296875e+01
1.919999999999999929e+01,2.957989120483398438e+01,4.048122024536132812e+01,6.540343475341796875e+01,6.363186264038085938e+01,6.835897064208984375e+01,7.235153961181640625e+01
8.320000000000000284e+01,2.744039154052734375e+01,2.824623870849609375e+01,5.052464294433593750e+01,4.899898529052734375e+01,4.826053237915039062e+01,5.842559051513671875e+01
7.070000000000000284e+01,1.582952499389648438e+01,1.472213077545166016e+01,3.521947479248046875e+01,3.668555450439453125e+01,2.850547218322753906e+01,4.336287689208984375e+01
-1.830000000000000426e+01,8.460183143615722656e+00,2.291690826416015625e+00,1.882257461547851562e+01,2.528285026550292969e+01,1.223724460601806641e+01,2.841647338867187500e+01
8.609999999999999432e+00,6.346022605895996094e+00,-1.271459293365478516e+01,-9.406731605529785156e+00,-1.258638948202133179e-01,-1.317658615112304688e+01,-1.659662008285522461e+00
-1.820000000000000284e+01,4.104200839996337891e+00,-3.176613807678222656e+01,-4.297041702270507812e+01,-3.201774978637695312e+01,-4.323860931396484375e+01,-3.736915206909179688e+01
-9.970000000000000284e+01,2.222187995910644531e+00,-4.798547744750976562e+01,-6.942481994628906250e+01,-5.675719833374023438e+01,-6.657654571533203125e+01,-6.513681030273437500e+01
-1.019999999999999858e+02,-7.296028733253479004e-01,-4.692376327514648438e+01,-7.807025909423828125e+01,-6.479282379150390625e+01,-7.382238006591796875e+01,-7.750925445556640625e+01
-3.950000000000000711e+01,-9.659165382385253906e+00,-1.603862953186035156e+01,-4.073080444335937500e+01,-2.839343452453613281e+01,-3.424494552612304688e+01,-4.225983047485351562e+01
5.290000000000000568e+01,-1.119346618652343750e+01,3.927303695678710938e+01,3.605844497680664062e+01,4.175298309326171875e+01,4.749410629272460938e+01,3.805997848510742188e+01
1.140000000000000000e+02,1.807568788528442383e+00,8.593031311035156250e+01,9.031909179687500000e+01,8.016427612304687500e+01,1.003887710571289062e+02,8.984034729003906250e+01
7.479999999999999716e+01,1.608378601074218750e+01,1.065146026611328125e+02,1.153236007690429688e+02,9.745699310302734375e+01,1.205366668701171875e+02,1.080570068359375000e+02
3.920000000000000284e+01,3.448682403564453125e+01,9.111852264404296875e+01,1.113260574340820312e+02,9.782247924804687500e+01,1.119527130126953125e+02,1.026828689575195312e+02
7.040000000000000568e+01,5.069872665405273438e+01,3.956371307373046875e+01,7.597727966308593750e+01,6.775198364257812500e+01,6.882069396972656250e+01,6.576078033447265625e+01
1.679999999999999716e+01,4.221284866333007812e+01,-2.847563362121582031e+01,9.982645034790039062e+00,6.775580883026123047e+00,-2.826539993286132812e+00,-1.602165341377258301e+00
-6.260000000000001563e+01,1.450091361999511719e+01,-8.123967742919921875e+01,-6.245855331420898438e+01,-5.516173934936523438e+01,-6.874727630615234375e+01,-6.765659332275390625e+01
-1.080000000000000000e+02,-6.733855724334716797e+00,-9.165911865234375000e+01,-9.904733276367187500e+01,-8.016866302490234375e+01,-9.154264068603515625e+01,-9.497514343261718750e+01
-5.310000000000000853e+01,-1.511658954620361328e+01,-5.921882247924804688e+01,-8.481230163574218750e+01,-6.236131668090820312e+01,-6.827813720703125000e+01,-7.905896759033203125e+01
4.649999999999999467e+00,-1.436361980438232422e+01,-1.530019092559814453e+01,-4.375053024291992188e+01,-2.335021400451660156e+01,-2.656558799743652344e+01,-3.877894592285156250e+01
-5.119999999999998863e+01,-6.943974971771240234e+00,1.600713920593261719e+01,-9.964935302734375000e+00,-2.617969989776611328e+00,-4.624861776828765869e-01,-1.131477451324462891e+01
-1.749999999999999645e+01,1.368696689605712891e+00,4.294717788696289062e+01,2.311723136901855469e+01,1.029388236999511719e+01,2.256411933898925781e+01,9.803162574768066406e+00
8.840000000000000568e+01,9.659671783447265625e+00,6.554994201660156250e+01,6.549228668212890625e+01,4.520790481567382812e+01,6.039884567260742188e+01,5.194253921508789062e+01
9.610000000000000853e+01,2.113052558898925781e+01,7.968747711181640625e+01,9.522930908203125000e+01,8.069535827636718750e+01,8.977411651611328125e+01,8.678381347656250000e+01
4.839999999999999858e+01,3.763087844848632812e+01,7.595704650878906250e+01,9.212584686279296875e+01,8.567832183837890625e+01,8.444856262207031250e+01,8.401654052734375000e+01
4.619999999999999574e+01,3.410511016845703125e+01,4.873713302612304688e+01,6.161329269409179688e+01,6.460794067382812500e+01,5.385615158081054688e+01,5.492905044555664062e+01
1.980000000000000071e+01,2.198927879333496094e+01,1.177851319313049316e+00,1.175922298431396484e+01,2.371658325195312500e+01,8.130211830139160156e+00,9.249227523803710938e+00
-3.789999999999999147e+01,1.712539863586425781e+01,-5.344531250000000000e+01,-4.896266937255859375e+01,-2.881949234008789062e+01,-4.593954849243164062e+01,-4.528594207763671875e+01
-1.010000000000000142e+02,2.879686832427978516e+00,-8.941440582275390625e+01,-9.433671569824218750e+01,-6.914561462402343750e+01,-8.603476715087890625e+01,-8.676193237304687500e+01
-8.869999999999998863e+01,-1.025204944610595703e+01,-8.994067382812500000e+01,-9.801824951171875000e+01,-7.712316894531250000e+01,-9.097377777099609375e+01,-9.539881896972656250e+01
-5.860000000000000142e+01,-1.447161483764648438e+01,-5.254274749755859375e+01,-5.838687133789062500e+01,-4.508669662475585938e+01,-5.531052398681640625e+01,-6.051778030395507812e+01
-5.599999999999998579e+01,-1.128037166595458984e+01,2.710014820098876953e+00,-2.460445642471313477e+00,3.946267843246459961e+00,-3.498980522155761719e+00,-5.954528331756591797e+00
3.789999999999999858e+01,-3.799653530120849609e+00,5.004201889038085938e+01,4.555941772460937500e+01,4.306053543090820312e+01,4.182284545898437500e+01,3.748695373535156250e+01
1.800000000000000000e+02,6.859176158905029297e+00,8.274754333496093750e+01,8.617750549316406250e+01,8.150544738769531250e+01,8.606774902343750000e+01,8.161855316162109375e+01
2.060000000000000000e+02,2.403014373779296875e+01,9.915208435058593750e+01,1.074860916137695312e+02,1.068821487426757812e+02,1.107063980102539062e+02,1.083823089599609375e+02
1.010000000000000142e+02,5.164099502563476562e+01,8.146176910400390625e+01,8.966187286376953125e+01,9.286557006835937500e+01,9.035494232177734375e+01,9.171817016601562500e+01
-1.929999999999999361e+01,5.344322204589843750e+01,2.951108551025390625e+01,3.509810256958007812e+01,4.410463333129882812e+01,3.283036804199218750e+01,3.836595153808593750e+01
-5.510000000000001563e+01,3.308940887451171875e+01,-3.574353027343750000e+01,-4.207786560058593750e+01,-2.633735847473144531e+01,-4.309639739990234375e+01,-3.639065170288085938e+01
-8.040000000000000568e+01,1.307143211364746094e+01,-9.008050537109375000e+01,-1.114032974243164062e+02,-9.221678924560546875e+01,-1.079492721557617188e+02,-1.038253555297851562e+02
-1.650000000000000000e+02,-8.597931861877441406e+00,-1.042263717651367188e+02,-1.318429718017578125e+02,-1.157518615722656250e+02,-1.239772567749023438e+02,-1.229196929931640625e+02
-1.140000000000000000e+02,-2.165022468566894531e+01,-6.701306152343750000e+01,-7.568246459960937500e+01,-6.863552093505859375e+01,-6.387638854980468750e+01,-6.647727203369140625e+01
5.089999999999999858e+01,-2.393260574340820312e+01,5.313714027404785156e+00,3.371458816528320312e+01,3.950216674804687500e+01,4.721580505371093750e+01,4.348839187622070312e+01
1.060000000000000000e+02,-1.399927425384521484e+01,6.968494415283203125e+01,1.067099304199218750e+02,1.117491912841796875e+02,1.133101501464843750e+02,1.105468292236328125e+02
6.990000000000000568e+01,1.941404151916503906e+01,9.658591461181640625e+01,1.229428253173828125e+02,1.178253097534179688e+02,1.191100234985351562e+02,1.153159027099609375e+02
4.039999999999999858e+01,6.043772888183593750e+01,8.941893768310546875e+01,1.042506179809570312e+02,9.435498046875000000e+01,9.254402160644531250e+01,8.815675354003906250e+01
5.639999999999999858e+01,6.800939178466796875e+01,6.064928054809570312e+01,5.472570419311523438e+01,4.532395553588867188e+01,3.833715820312500000e+01,3.564309310913085938e+01
2.480000000000000071e+01,4.998899841308593750e+01,7.443844318389892578e+00,-2.175529861450195312e+01,-1.848130035400390625e+01,-3.260454940795898438e+01,-3.139194679260253906e+01
-1.010000000000000142e+02,1.836552619934082031e+01,-4.962451553344726562e+01,-9.319725036621093750e+01,-7.293077850341796875e+01,-9.024690246582031250e+01,-8.827634429931640625e+01
-1.150000000000000000e+02,-5.196168422698974609e+00,-7.256836700439453125e+01,-1.181899795532226562e+02,-9.867494964599609375e+01,-1.081389465332031250e+02,-1.126821823120117188e+02
-1.120000000000000000e+02,-1.454964065551757812e+01,-5.731025314331054688e+01,-8.986229705810546875e+01,-8.299400329589843750e+01,-7.831140899658203125e+01,-9.012428283691406250e+01
-5.029999999999999716e+01,-1.279870891571044922e+01,-3.129465293884277344e+01,-4.498865509033203125e+01,-4.782954025268554688e+01,-3.537403488159179688e+01,-4.766537094116210938e+01
9.159999999999999432e+01,-5.992996215820312500e+00,-1.915183639526367188e+01,-9.143148422241210938e+00,-1.657320022583007812e+01,-6.854382991790771484e+00,-1.465727329254150391e+01
1.140000000000000000e+02,-3.819285631179809570e+00,-3.771986961364746094e+00,4.313500976562500000e+01,3.905282211303710938e+01,4.383964920043945312e+01,4.099120330810546875e+01
8.500000000000000000e+01,5.126412868499755859e+00,3.300783538818359375e+01,9.476489257812500000e+01,9.405805969238281250e+01,9.771723937988281250e+01,9.645611572265625000e+01
1.950000000000000000e+02,3.235833358764648438e+01,6.463420867919921875e+01,1.105742340087890625e+02,1.103124694824218750e+02,1.105616607666015625e+02,1.133836822509765625e+02
1.700000000000000000e+02,5.513342666625976562e+01,6.357197952270507812e+01,8.400400543212890625e+01,8.427176666259765625e+01,7.860903167724609375e+01,8.484644317626953125e+01
7.879999999999999716e+01,6.693867492675781250e+01,1.604001808166503906e+01,7.943044185638427734e+00,9.318230628967285156e+00,-2.099880218505859375e+00,5.466478347778320312e+00
-1.540000000000000000e+02,3.260209655761718750e+01,-5.798779678344726562e+01,-8.753484344482421875e+01,-7.783834838867187500e+01,-9.327487945556640625e+01,-8.827336883544921875e+01
-1.599999999999999716e+02,-6.860815048217773438e+00,-9.778906250000000000e+01,-1.338853607177734375e+02,-1.177757415771484375e+02,-1.306472625732421875e+02,-1.277957839965820312e+02
-1.090000000000000142e+02,-1.961325263977050781e+01,-8.076731109619140625e+01,-9.325977325439453125e+01,-7.689594268798828125e+01,-7.930769348144531250e+01,-7.371931457519531250e+01
-7.830000000000001137e+01,-1.869255828857421875e+01,-2.871640586853027344e+01,-1.735286903381347656e+01,-8.854586601257324219e+00,-7.964615225791931152e-01,3.050074815750122070e+00
1.880000000000000071e+01,-1.541350650787353516e+01,2.956480598449707031e+01,2.644733428955078125e+01,1.429123687744140625e+01,3.257909774780273438e+01,2.748203849792480469e+01
8.629999999999999716e+01,-9.030981063842773438e+00,7.073035430908203125e+01,7.435279846191406250e+01,5.980691528320312500e+01,7.774808502197265625e+01,7.833026123046875000e+01
9.650000000000000000e+01,-1.383973956108093262e+00,9.902824401855468750e+01,1.362613067626953125e+02,1.351063842773437500e+02,1.421339416503906250e+02,1.475680847167968750e+02
2.039999999999999716e+02,3.811736679077148438e+01,1.081232376098632812e+02,1.530981597900390625e+02,1.552771606445312500e+02,1.519548034667968750e+02,1.621276702880859375e+02
1.410000000000000000e+02,6.359478378295898438e+01,9.197785186767578125e+01,1.321052246093750000e+02,1.336565704345703125e+02,1.188697128295898438e+02,1.340909423828125000e+02
-8.619999999999995666e+00,6.907810211181640625e+01,4.753842926025390625e+01,6.423029327392578125e+01,6.356576919555664062e+01,4.082047271728515625e+01,5.972037506103515625e+01
-1.330000000000000000e+02,4.500177383422851562e+01,-2.989826774597167969e+01,-4.098783111572265625e+01,-3.733724975585937500e+01,-6.328349685668945312e+01,-4.720310211181640625e+01
-6.710000000000000853e+01,3.086905717849731445e+00,-9.677252197265625000e+01,-1.270025100708007812e+02,-1.103798675537109375e+02,-1.329965057373046875e+02,-1.251789398193359375e+02
2.719999999999999929e+01,-1.660436058044433594e+01,-1.098577270507812500e+02,-1.370950775146484375e+02,-1.111444549560546875e+02,-1.230276718139648438e+02,-1.228873977661132812e+02
-5.599999999999998579e+01,-2.004493904113769531e+01,-7.040376281738281250e+01,-7.883309936523437500e+01,-5.962837982177734375e+01,-5.236238861083984375e+01,-6.370977020263671875e+01
-1.280000000000000000e+02,-1.999773597717285156e+01,-1.636942148208618164e+00,-1.493581390380859375e+01,-1.731569862365722656e+01,5.651215076446533203e+00,-2.106841468811035156e+01
2.270000000000001794e+00,-1.062258052825927734e+01,5.198451232910156250e+01,3.444520568847656250e+01,2.069209098815917969e+01,5.059189987182617188e+01,2.689095687866210938e+01
1.300000000000000000e+02,1.106176090240478516e+01,7.163562774658203125e+01,7.912035369873046875e+01,5.670493698120117188e+01,8.653494262695312500e+01,6.883647918701171875e+01
1.140000000000000000e+02,5.357218933105468750e+01,7.600531005859375000e+01,8.703958129882812500e+01,5.584460830688476562e+01,7.841109466552734375e+01,6.115324401855468750e+01
2.050000000000000000e+01,4.717741012573242188e+01,6.460738372802734375e+01,7.012734222412109375e+01,4.564036560058593750e+01,5.605386734008789062e+01,4.077831268310546875e+01
-1.720000000000000284e+01,1.644071960449218750e+01,5.129855346679687500e+01,5.476770782470703125e+01,4.413338851928710938e+01,4.560235595703125000e+01,3.536030578613281250e+01
1.000000000000000000e+02,1.036196136474609375e+01,3.220595932006835938e+01,4.093124771118164062e+01,4.932179260253906250e+01,4.347970962524414062e+01,4.044570159912109375e+01
5.710000000000000142e+01,1.478221321105957031e+01,-6.381792068481445312e+00,9.419420242309570312e+00,3.643943405151367188e+01,2.267000198364257812e+01,2.230964660644531250e+01
-2.789999999999999503e+01,1.248864746093750000e+01,-5.398226547241210938e+01,-4.442167282104492188e+01,-1.222031307220458984e+01,-2.831773185729980469e+01,-3.557305526733398438e+01
-2.889999999999999858e+01,-1.656136155128479004e+00,-8.321263122558593750e+01,-8.634606170654296875e+01,-6.153210067749023438e+01,-7.214517211914062500e+01,-8.515119171142578125e+01
-3.030000000000000426e+01,-1.058952426910400391e+01,-7.849732971191406250e+01,-8.432851409912109375e+01,-7.255741119384765625e+01,-7.126819610595703125e+01,-8.193458557128906250e+01
-6.950000000000000000e+01,-9.588500976562500000e+00,-5.039472579956054688e+01,-5.106824111938476562e+01,-5.158074951171875000e+01,-3.783967590332031250e+01,-4.042111206054687500e+01
-4.179999999999999716e+01,-4.237742900848388672e+00,-5.804934501647949219e+00,-1.409569358825683594e+01,-2.726972007751464844e+01,-7.802525043487548828e+00,-7.904505252838134766e+00
1.619999999999999929e+01,-2.859983921051025391e+00,5.969634246826171875e+01,2.997897911071777344e+01,3.255813837051391602e+00,2.309264755249023438e+01,1.607800292968750000e+01
-1.549999999999998046e+00,8.056581497192382812e+00,1.006361923217773438e+02,6.738625335693359375e+01,3.695588302612304688e+01,5.239834976196289062e+01,4.691939926147460938e+01
-3.580000000000001847e+00,1.747307968139648438e+01,1.018970489501953125e+02,9.332431793212890625e+01,7.098432922363281250e+01,7.685683441162109375e+01,7.909198760986328125e+01
8.969999999999998863e+01,1.732596969604492188e+01,8.025234222412109375e+01,1.100050811767578125e+02,9.982449340820312500e+01,9.346894073486328125e+01,1.014945983886718750e+02
1.390000000000000000e+02,1.316738700866699219e+01,5.645341873168945312e+01,1.109513168334960938e+02,1.250216064453125000e+02,1.057003326416015625e+02,1.188088989257812500e+02
1.580000000000000000e+02,2.057291221618652344e+01,3.221787261962890625e+01,8.403949737548828125e+01,1.212272109985351562e+02,9.354878997802734375e+01,1.090209503173828125e+02
7.500000000000000000e+01,3.169077682495117188e+01,-7.496269702911376953e+00,2.100181007385253906e+01,6.095770263671875000e+01,3.748101806640625000e+01,5.079998779296875000e+01
-9.729999999999999716e+01,2.163965415954589844e+01,-5.996404266357421875e+01,-5.866738510131835938e+01,-3.737691497802734375e+01,-4.199207687377929688e+01,-3.342211914062500000e+01
-2.320000000000000284e+02,5.788810729980468750e+00,-9.693244171142578125e+01,-1.195229873657226562e+02,-1.147030334472656250e+02,-1.043680419921875000e+02,-1.012924118041992188e+02
-2.080000000000000000e+02,-4.704169273376464844e+00,-9.909896087646484375e+01,-1.433120880126953125e+02,-1.454628601074218750e+02,-1.280923919677734375e+02,-1.316173858642578125e+02
-1.390000000000000000e+02,-1.599088764190673828e+01,-5.680820465087890625e+01,-1.064597930908203125e+02,-1.155716705322265625e+02,-9.428682708740234375e+01,-1.059323654174804688e+02
-1.080000000000000249e+01,-2.032830429077148438e+01,2.332899093627929688e+01,-3.614593744277954102e+00,-1.860140609741210938e+01,2.005307912826538086e+00,-1.614017677307128906e+01
9.790000000000000568e+01,-1.635726356506347656e+01,1.006461181640625000e+02,9.596468353271484375e+01,8.370340728759765625e+01,9.547373199462890625e+01,6.985176849365234375e+01
1.889999999999999716e+02,-7.920783758163452148e-01,1.456391906738281250e+02,1.619950256347656250e+02,1.573746948242187500e+02,1.580971527099609375e+02,1.365027313232421875e+02
2.750000000000000000e+02,3.732262039184570312e+01,1.474809875488281250e+02,1.821265258789062500e+02,1.889615783691406250e+02,1.794527893066406250e+02,1.664058685302734375e+02
1.460000000000000000e+02,1.258393402099609375e+02,9.833097839355468750e+01,1.314371643066406250e+02,1.443425598144531250e+02,1.296483612060546875e+02,1.212025756835937500e+02
-7.569999999999999396e+00,1.414554290771484375e+02,-1.179931044578552246e+00,1.152619934082031250e+01,2.401125526428222656e+01,9.609549522399902344e+00,3.123082160949707031e+00
-9.170000000000000284e+01,5.487563323974609375e+01,-1.165606994628906250e+02,-1.338470458984375000e+02,-1.185780181884765625e+02,-1.310728454589843750e+02,-1.405564270019531250e+02
-5.839999999999998437e+01,-3.769476175308227539e+00,-1.753297729492187500e+02,-2.081421203613281250e+02,-1.912728576660156250e+02,-2.001118621826171875e+02,-2.110989685058593750e+02
-4.780000000000000426e+01,-2.200226783752441406e+01,-1.526615600585937500e+02,-1.820981597900390625e+02,-1.700866088867187500e+02,-1.642377014160156250e+02,-1.762215881347656250e+02
-9.809999999999999432e+01,-2.538998603820800781e+01,-7.408869171142578125e+01,-7.166967773437500000e+01,-7.740496826171875000e+01,-5.269039154052734375e+01,-7.338609313964843750e+01
-2.250000000000000000e+01,-2.314835929870605469e+01,1.674431085586547852e+00,2.107008743286132812e+01,-1.672207832336425781e+00,1.358396148681640625e+01,-6.611308574676513672e+00
8.450000000000000000e+01,-8.033147811889648438e+00,4.373659896850585938e+01,7.303619384765625000e+01,5.220800399780273438e+01,6.145686721801757812e+01,6.412615966796875000e+01
7.929999999999999716e+01,1.766569709777832031e+01,5.829040145874023438e+01,1.062406845092773438e+02,9.823461914062500000e+01,1.060827407836914062e+02,1.199688949584960938e+02
5.110000000000000142e+01,4.928362655639648438e+01,6.100438308715820312e+01,1.112757186889648438e+02,1.145943222045898438e+02,1.144683227539062500e+02,1.327209014892578125e+02
4.220000000000000284e+01,4.155418014526367188e+01,7.963803100585937500e+01,1.037207183837890625e+02,1.184035034179687500e+02,1.046255035400390625e+02,1.301520233154296875e+02
2.139999999999999858e+01,2.354176712036132812e+01,8.609490203857421875e+01,9.000273895263671875e+01,1.127989807128906250e+02,8.960247802734375000e+01,1.238415145874023438e+02
4.879999999999999716e+01,2.618827056884765625e+01,4.694932174682617188e+01,5.075261688232421875e+01,7.429154205322265625e+01,5.098279571533203125e+01,9.087078857421875000e+01
-4.279999999999999361e+00,1.468597316741943359e+01,-1.906888580322265625e+01,-6.481822013854980469e+00,1.216290473937988281e+01,-5.571667671203613281e+00,3.388826370239257812e+01
-1.080000000000000000e+02,-3.556370496749877930e+00,-6.855274200439453125e+01,-4.788012695312500000e+01,-3.844808578491210938e+01,-4.665522384643554688e+01,-1.411159706115722656e+01
-9.830000000000001137e+01,-9.951563835144042969e+00,-8.209246063232421875e+01,-5.584722137451171875e+01,-5.490382385253906250e+01,-5.554332351684570312e+01,-3.175467300415039062e+01
2.230000000000000071e+01,-1.235299396514892578e+01,-6.107528686523437500e+01,-3.252985000610351562e+01,-3.252229309082031250e+01,-3.248098754882812500e+01,-1.691879463195800781e+01
9.050000000000000000e+01,-1.004031658172607422e+01,-1.824127578735351562e+01,2.680726766586303711e+00,4.054372787475585938e+00,1.285331010818481445e+00,3.775019884109497070e+00
2.900000000000000355e+01,1.200699329376220703e+00,3.004254150390625000e+01,2.494529914855957031e+01,2.018962287902832031e+01,2.009208106994628906e+01,5.054658412933349609e+00
-2.609999999999999787e+01,1.255287551879882812e+01,7.453012084960937500e+01,3.911083984375000000e+01,2.974992179870605469e+01,3.300326538085937500e+01,7.371308803558349609e-01
7.809999999999999432e+01,2.541822624206542969e+01,8.782758331298828125e+01,4.414421463012695312e+01,3.612197113037109375e+01,3.865737152099609375e+01,-1.472654938697814941e+00
2.339999999999999858e+01,3.330536651611328125e+01,6.439800262451171875e+01,3.411384582519531250e+01,3.138453292846679688e+01,3.177583312988281250e+01,-6.689617633819580078e+00
-7.009999999999999432e+01,2.983510589599609375e+01,2.760674285888671875e+01,7.369968891143798828e+00,2.929611206054687500e+00,7.845038890838623047e+00,-2.872509193420410156e+01
1.770000000000000284e+01,1.046118736267089844e+01,-5.342984676361083984e+00,-1.915161132812500000e+01,-2.720125198364257812e+01,-1.318164443969726562e+01,-4.862430953979492188e+01
